Semestre;Campus;Curso;Modalidade;Turno;Inscritos;Vagas;Cand x Vaga
2027/1;Cachoeiro De Itapemirim;Eletrotécnica;Integrado;Matutino;168;36;4,67
2027/1;Cachoeiro De Itapemirim;Informática para Internet;Integrado;Matutino;380;40;9,5
2027/1;Cachoeiro De Itapemirim;Mecânica;Integrado;Vespertino;83;36;2,31
2027/1;Cachoeiro de Itapemirim;Mineração;Integrado;Vespertino;186;36;5,17
2026/2;Cachoeiro De Itapemirim;Eletromecânica;Concomitante;Noturno;21;18;1,17
2026/2;Cachoeiro De Itapemirim;Informática para Internet;Concomitante;Noturno;12;20;0,6
2026/2;Cachoeiro De Itapemirim;Mineração;Concomitante;Noturno;6;18;0,33
2026/1;Cachoeiro de Itapemirim;Eletromecânica;Integrado;Vespertino;322;40;8,05
2026/1;Cachoeiro de Itapemirim;Informática para Internet;Integrado;Vespertino;507;40;12,68
2026/1;Cachoeiro de Itapemirim;Eletromecânica;Concomitante;Noturno;10;36;0,28
2026/1;Cachoeiro de Itapemirim;Informática para Internet;Concomitante;Noturno;15;40;0,38
2026/1;Cachoeiro de Itapemirim;Mineração;Concomitante;Noturno;15;36;0,42
2025/2;Cachoeiro de Itapemirim;Eletromecânica;Concomitante;Noturno;15;36;0,42
2025/2;Cachoeiro de Itapemirim;Informática para Internet;Concomitante;Noturno;11;40;0,28
2025/2;Cachoeiro de Itapemirim;Mineração;Concomitante;Noturno;10;36;0,28
2025/1;Cachoeiro de Itapemirim;Eletromecânica;Integrado;Matutino;260;40;6,5
2025/1;Cachoeiro de Itapemirim;Informática para Internet;Integrado;Matutino;494;40;12,35
2025/1;Cachoeiro de Itapemirim;Eletromecânica;Concomitante;Noturno;14;18;0,78
2025/1;Cachoeiro de Itapemirim;Informática para Internet;Concomitante;Noturno;26;20;1,3
2025/1;Cachoeiro de Itapemirim;Mineração;Concomitante;Noturno;19;18;1,06
2024/2;Cachoeiro de Itapemirim;Eletromecânica;Concomitante;Noturno;17;36;0,47
2024/2;Cachoeiro de Itapemirim;Informática para Internet;Concomitante;Noturno;30;40;0,75
2024/2;Cachoeiro de Itapemirim;Mineração;Concomitante;Noturno;10;36;0,28
2024/1;Cachoeiro de Itapemirim;Eletromecânica;Integrado;Vespertino;300;40;7,5
2024/1;Cachoeiro de Itapemirim;Eletromecânica;Concomitante;Noturno;16;18;0,89
2024/1;Cachoeiro de Itapemirim;Informática para Internet;Concomitante;Noturno;36;18;2
2024/1;Cachoeiro de Itapemirim;Mineração;Concomitante;Noturno;40;18;2,22
2023/2;Cachoeiro de Itapemirim;Eletromecânica;Concomitante;Noturno;18;36;0,5
2023/2;Cachoeiro de Itapemirim;Informática;Concomitante;Noturno;19;36;0,53
2023/2;Cachoeiro de Itapemirim;Mineração;Concomitante;Noturno;17;36;0,47
2023/1;Cachoeiro de Itapemirim;Eletromecânica;Integrado;Matutino;226;40;5,65
2023/1;Cachoeiro de Itapemirim;Eletromecânica;Concomitante;Noturno;35;36;0,97
2023/1;Cachoeiro de Itapemirim;Informática;Integrado;Matutino;406;40;10,15
2023/1;Cachoeiro de Itapemirim;Informática;Concomitante;Noturno;48;36;1,33
2023/1;Cachoeiro de Itapemirim;Mineração;Concomitante;Noturno;36;36;1
2022/2;Cachoeiro de Itapemirim;Eletromecânica;Concomitante;Noturno;12;36;0,33
2022/2;Cachoeiro de Itapemirim;Informática;Concomitante;Noturno;34;36;0,94
2022/2;Cachoeiro de Itapemirim;Mineração;Concomitante;Noturno;18;36;0,5
2022/1;Cachoeiro de Itapemirim;Administração;Concomitante;Noturno;20;40;0,5
2022/1;Cachoeiro de Itapemirim;Eletromecânica;Integrado;Vespertino;189;40;4,73
2022/1;Cachoeiro de Itapemirim;Eletromecânica;Concomitante;Noturno;18;36;0,5
2022/1;Cachoeiro de Itapemirim;Informática;Integrado;Vespertino;456;40;11,4
2022/1;Cachoeiro de Itapemirim;Informática;Concomitante;Noturno;45;36;1,25
2022/1;Cachoeiro de Itapemirim;Mineração;Concomitante;Noturno;18;36;0,5
2021/2;Cachoeiro de Itapemirim;Eletromecânica;Concomitante;Noturno;107;33;3,24
2021/2;Cachoeiro de Itapemirim;Informática;Concomitante;Noturno;160;34;4,71
2021/2;Cachoeiro de Itapemirim;Mineração;Concomitante;Noturno;93;34;2,74
2021/1;Cachoeiro de Itapemirim;Eletromecânica;Integrado;Matutino;205;40;5,13
2021/1;Cachoeiro de Itapemirim;Eletromecânica;Concomitante;Noturno;198;32;6,19
2021/1;Cachoeiro de Itapemirim;Informática;Integrado;Matutino;372;40;9,3
2021/1;Cachoeiro de Itapemirim;Informática;Concomitante;Noturno;308;32;9,63
2021/1;Cachoeiro de Itapemirim;Mineração;Concomitante;Noturno;145;32;4,53
2020/1;Cachoeiro de Itapemirim;Eletromecânica;Integrado;Vespertino;319;40;7,98
2020/1;Cachoeiro de Itapemirim;Eletromecânica;Concomitante;Noturno;70;36;1,94
2020/1;Cachoeiro de Itapemirim;Informática;Integrado;Vespertino;502;40;12,55
2020/1;Cachoeiro de Itapemirim;Informática;Concomitante;Noturno;71;36;1,97
2020/1;Cachoeiro de Itapemirim;Mineração;Concomitante;Noturno;52;36;1,44
2019/2;Cachoeiro de Itapemirim;Eletromecânica;Concomitante;Noturno;102;36;2,83
2019/2;Cachoeiro de Itapemirim;Informática;Concomitante;Noturno;60;36;1,67
2019/2;Cachoeiro de Itapemirim;Mineração;Concomitante;Noturno;57;36;1,58
2019/1;Cachoeiro de Itapemirim;Eletromecânica;Concomitante;Noturno;76;36;2,11
2019/1;Cachoeiro de Itapemirim;Eletromecânica;Integrado;Matutino;344;40;8,6
2019/1;Cachoeiro de Itapemirim;Informática;Concomitante;Noturno;65;36;1,81
2019/1;Cachoeiro de Itapemirim;Informática;Integrado;Matutino;419;40;10,48
2019/1;Cachoeiro de Itapemirim;Mineração;Concomitante;Noturno;59;36;1,64
2018/2;Cachoeiro de Itapemirim;Eletromecânica;Concomitante;Noturno;68;36;1,89
2018/2;Cachoeiro de Itapemirim;Informática;Concomitante;Noturno;49;36;1,36
2018/2;Cachoeiro de Itapemirim;Mineração;Concomitante;Noturno;38;36;1,06
2018/1;Cachoeiro de Itapemirim;Eletromecânica;Concomitante;Noturno;99;36;2,75
2018/1;Cachoeiro de Itapemirim;Eletromecânica;Integrado;Vespertino;288;40;7,2
2018/1;Cachoeiro de Itapemirim;Informática;Concomitante;Noturno;72;36;2
2018/1;Cachoeiro de Itapemirim;Informática;Integrado;Vespertino;391;40;9,78
2018/1;Cachoeiro de Itapemirim;Mineração;Concomitante;Noturno;80;36;2,22
2017/2;Cachoeiro de Itapemirim;Eletromecânica;Concomitante;Noturno;48;36;1,33
2017/2;Cachoeiro de Itapemirim;Informática;Concomitante;Noturno;68;36;1,89
2017/2;Cachoeiro de Itapemirim;Mineração;Concomitante;Noturno;40;36;1,11
2017/1;Cachoeiro de Itapemirim;Eletromecânica;Integrado;Matutino;253;40;6,33
2017/1;Cachoeiro de Itapemirim;Eletromecânica;Concomitante;Noturno;37;36;1,03
2017/1;Cachoeiro de Itapemirim;Informática;Integrado;Matutino;318;40;7,95
2017/1;Cachoeiro de Itapemirim;Informática;Concomitante;Noturno;44;36;1,22
2017/1;Cachoeiro de Itapemirim;Mineração;Concomitante;Noturno;42;36;1,17
2016/2;Cachoeiro de Itapemirim;Eletromecânica;Concomitante;Noturno;71;36;1,97
2016/2;Cachoeiro de Itapemirim;Informática;Concomitante;Noturno;65;36;1,81
2016/2;Cachoeiro de Itapemirim;Mineração;Concomitante;Noturno;45;36;1,25
2016/1;Cachoeiro de Itapemirim;Eletromecânica;Integrado;Vespertino;285;40;7,13
2016/1;Cachoeiro de Itapemirim;Eletromecânica;Concomitante;Noturno;105;36;2,92
2016/1;Cachoeiro de Itapemirim;Informática;Integrado;Vespertino;384;40;9,6
2016/1;Cachoeiro de Itapemirim;Mineração;Concomitante;Noturno;42;32;1,31
2015/2;Cachoeiro de Itapemirim;Eletromecânica;Concomitante;Noturno;118;36;3,28
2015/2;Cachoeiro de Itapemirim;Informática;Concomitante;Noturno;66;36;1,83
2015/2;Cachoeiro de Itapemirim;Mineração;Concomitante;Noturno;66;40;1,65
2015/1;Cachoeiro de Itapemirim;Eletromecânica;Integrado;Matutino;324;32;10,12
2015/1;Cachoeiro de Itapemirim;Eletromecânica;Concomitante;Noturno;166;36;4,61
2015/1;Cachoeiro de Itapemirim;Informática;Integrado;Matutino;360;32;11,25
2015/1;Cachoeiro de Itapemirim;Mineração;Concomitante;Noturno;76;40;1,9
2014/2;Cachoeiro de Itapemirim;Eletromecânica;Concomitante;Noturno;55;36;1,53
2014/2;Cachoeiro de Itapemirim;Informática;Concomitante;Noturno;42;36;1,17
2014/2;Cachoeiro de Itapemirim;Mineração;Concomitante;Noturno;30;40;0,75
2014/1;Cachoeiro de Itapemirim;Eletromecânica;Concomitante;Noturno;153;40;3,83
2014/1;Cachoeiro de Itapemirim;Eletromecânica;Integrado;Vespertino;270;40;6,75
2014/1;Cachoeiro de Itapemirim;Informática;Integrado;Vespertino;256;40;6,4
2014/1;Cachoeiro de Itapemirim;Mineração;Concomitante;Noturno;76;40;1,9
2013/2;Cachoeiro de Itapemirim;Eletromecânica;Concomitante;Noturno;94;40;2,35
2013/2;Cachoeiro de Itapemirim;Informática;Concomitante;Noturno;47;40;1,18
2013/2;Cachoeiro de Itapemirim;Mineração;Concomitante;Noturno;55;40;1,38
2013/1;Cachoeiro de Itapemirim;Eletromecânica;Integrado;Matutino;221;40;5,53
2013/1;Cachoeiro de Itapemirim;Eletromecânica;Concomitante;Noturno;140;40;3,5
2013/1;Cachoeiro de Itapemirim;Informática;Integrado;Matutino;294;40;7,35
2013/1;Cachoeiro de Itapemirim;Informática;Concomitante;Noturno;74;40;1,85
2013/1;Cachoeiro de Itapemirim;Mineração;Concomitante;Noturno;108;40;2,7
2012/2;Cachoeiro de Itapemirim;Eletromecânica;Concomitante;Noturno;140;40;3,5
2012/2;Cachoeiro de Itapemirim;Informática;Concomitante;Noturno;113;40;2,83
2012/2;Cachoeiro de Itapemirim;Mineração;Concomitante;Noturno;107;40;2,68
2012/1;Cachoeiro de Itapemirim;Eletromecânica;Integrado;Vespertino;244;40;6,1
2012/1;Cachoeiro de Itapemirim;Eletromecânica;Concomitante;Noturno;128;40;3,2
2012/1;Cachoeiro de Itapemirim;Informática;Integrado;Vespertino;424;40;10,6
2012/1;Cachoeiro de Itapemirim;Informática;Concomitante;Noturno;192;40;4,8
2012/1;Cachoeiro de Itapemirim;Mineração;Concomitante;Noturno;166;40;4,15
2011/2;Cachoeiro de Itapemirim;Eletromecânica;Concomitante;Noturno;176;40;4,4
2011/2;Cachoeiro de Itapemirim;Informática;Concomitante;Noturno;166;40;4,15
2011/2;Cachoeiro de Itapemirim;Mineração;Concomitante;Noturno;149;40;3,73
2011/1;Cachoeiro de Itapemirim;Eletromecânica;Integrado;Matutino;337;32;10,53
2011/1;Cachoeiro de Itapemirim;Eletromecânica;Concomitante;Noturno;253;32;7,91
2011/1;Cachoeiro de Itapemirim;Informática;Integrado;Matutino;428;32;13,38
2011/1;Cachoeiro de Itapemirim;Informática;Concomitante;Noturno;207;32;6,47
2011/1;Cachoeiro de Itapemirim;Mineração;Concomitante;Vespertino;77;32;2,41
2011/1;Cachoeiro de Itapemirim;Mineração;Concomitante;Noturno;182;32;5,69
2010/2;Cachoeiro de Itapemirim;Eletromecânica;Concomitante;Noturno;129;29;4,45
2010/2;Cachoeiro de Itapemirim;Informática;Concomitante;Noturno;134;29;4,62
2010/2;Cachoeiro de Itapemirim;Mineração;Concomitante;Noturno;70;32;2,19
2010/1;Cachoeiro de Itapemirim;Eletromecânica;Concomitante;Noturno;162;29;5,59
2010/1;Cachoeiro de Itapemirim;Eletromecânica;Integrado;Vespertino;198;30;6,6
2010/1;Cachoeiro de Itapemirim;Informática;Concomitante;Noturno;163;29;5,62
2010/1;Cachoeiro de Itapemirim;Informática;Integrado;Vespertino;343;30;11,43
2010/1;Cachoeiro de Itapemirim;Mineração;Concomitante;Vespertino;36;29;1,24
2010/1;Cachoeiro de Itapemirim;Mineração;Concomitante;Noturno;61;29;2,1
2009/2;Cachoeiro de Itapemirim;Eletromecânica;Concomitante;Noturno;133;29;4,59
2009/2;Cachoeiro de Itapemirim;Informática;Concomitante;Noturno;161;29;5,55
2009/2;Cachoeiro de Itapemirim;Mineração;Concomitante;Vespertino;12;29;0,41
2009/2;Cachoeiro de Itapemirim;Mineração;Concomitante;Noturno;110;29;3,79
2009/1;Cachoeiro de Itapemirim;Eletromecânica;Integrado;Matutino;197;40;4,93
2009/1;Cachoeiro de Itapemirim;Eletromecânica;Concomitante;Noturno;259;29;8,93
2009/1;Cachoeiro de Itapemirim;Eletromecânica;Concomitante;Vespertino;8;32;0,25
2009/1;Cachoeiro de Itapemirim;Informática;Integrado;Matutino;369;40;9,23
2009/1;Cachoeiro de Itapemirim;Informática;Concomitante;Noturno;304;29;10,48
2009/1;Cachoeiro de Itapemirim;Mineração;Concomitante;Vespertino;79;29;2,72
2009/1;Cachoeiro de Itapemirim;Mineração;Concomitante;Noturno;148;29;5,1
2008/2;Cachoeiro de Itapemirim;Eletromecânica;Subsequente;Noturno;182;29;6,28
2008/2;Cachoeiro de Itapemirim;Informática;Subsequente;Noturno;136;29;4,69
2008/2;Cachoeiro de Itapemirim;Rochas Ornamentais;Subsequente;Noturno;115;29;3,97
2008/1;Cachoeiro de Itapemirim;Eletromecânica;Subsequente;Vespertino;47;29;1,62
2008/1;Cachoeiro de Itapemirim;Eletromecânica;Subsequente;Noturno;197;29;6,79
2008/1;Cachoeiro de Itapemirim;Informática;Subsequente;Matutino;138;29;4,76
2008/1;Cachoeiro de Itapemirim;Rochas Ornamentais;Subsequente;Vespertino;64;29;2,21
2008/1;Cachoeiro de Itapemirim;Rochas Ornamentais;Subsequente;Noturno;200;29;6,9
2007/2;Cachoeiro de Itapemirim;Eletromecânica;Subsequente;Vespertino;41;32;1,28
2007/2;Cachoeiro de Itapemirim;Eletromecânica;Subsequente;Noturno;142;32;4,44
2007/2;Cachoeiro de Itapemirim;Informática;Subsequente;Matutino;72;32;2,25
2007/2;Cachoeiro de Itapemirim;Rochas Ornamentais;Subsequente;Vespertino;48;32;1,5
2007/2;Cachoeiro de Itapemirim;Rochas Ornamentais;Subsequente;Noturno;122;32;3,81
2007/1;Cachoeiro de Itapemirim;Eletromecânica;Subsequente;Noturno;160;32;5
2007/1;Cachoeiro de Itapemirim;Eletromecânica;Subsequente;Vespertino;49;32;1,53
2007/1;Cachoeiro de Itapemirim;Informática;Subsequente;Matutino;111;32;3,47
2007/1;Cachoeiro de Itapemirim;Rochas Ornamentais;Subsequente;Noturno;197;32;6,16
2007/1;Cachoeiro de Itapemirim;Rochas Ornamentais;Subsequente;Vespertino;76;32;2,38
