Ano;Instituição;Estrutura com Matrícula;Modalidade de Ensino;Tipo de Curso;Tipo de Oferta;Nome do Curso;Turno do Curso;Eficiência Acadêmica;Conclusão Ciclo;Evasão Ciclo;Retenção Ciclo
2025;IFES;Campus Cachoeiro de Itapemirim;Educação a Distância;Qualificação Profissional (FIC);Não se aplica;Qualificação Profissional (FIC) - Informação e Comunicação;Não se aplica;50,69%;443;431;
2025;IFES;Campus Cachoeiro de Itapemirim;Educação Presencial;Técnico;Concomitante;Técnico em Eletromecânica;Noturno;30,56%;22;50;
2025;IFES;Campus Cachoeiro de Itapemirim;Educação Presencial;Técnico;Concomitante;Técnico em Informática;Noturno;47,14%;33;37;2
2025;IFES;Campus Cachoeiro de Itapemirim;Educação Presencial;Técnico;Concomitante;Técnico em Mecânica;Vespertino;75,00%;15;5;
2025;IFES;Campus Cachoeiro de Itapemirim;Educação Presencial;Técnico;Concomitante;Técnico em Mineração;Noturno;27,66%;13;34;26
2025;IFES;Campus Cachoeiro de Itapemirim;Educação Presencial;Técnico;Concomitante;Técnico em Mineração;Vespertino;95,00%;19;1;
2025;IFES;Campus Cachoeiro de Itapemirim;Educação Presencial;Técnico;Integrado;Técnico em Eletromecânica;Matutino;61,54%;24;15;
2025;IFES;Campus Cachoeiro de Itapemirim;Educação Presencial;Técnico;Integrado;Técnico em Informática;Matutino;86,49%;32;5;
2025;IFES;Campus Cachoeiro de Itapemirim;Educação Presencial;Bacharelado;Não se aplica;Bacharelado em Sistemas de Informação;Integral;48,15%;13;14;7
2025;IFES;Campus Cachoeiro de Itapemirim;Educação Presencial;Bacharelado;Não se aplica;Engenharia de Minas;Integral;16,00%;4;21;3
2025;IFES;Campus Cachoeiro de Itapemirim;Educação Presencial;Bacharelado;Não se aplica;Engenharia Mecânica;Integral;12,50%;3;21;6
2025;IFES;Campus Cachoeiro de Itapemirim;Educação Presencial;Licenciatura;Não se aplica;Licenciatura em Matemática;Noturno;10,71%;3;25;2
2024;IFES;Campus Cachoeiro de Itapemirim;Educação a Distância;Qualificação Profissional (FIC);Não se aplica;Qualificação Profissional (FIC) - Informação e Comunicação;Não se aplica;38,73%;1279;2023;
2024;IFES;Campus Cachoeiro de Itapemirim;Educação a Distância;Especialização (Lato Sensu);Não se aplica;Pós-graduação Lato Sensu em Práticas Pedagógicas para a Ept;Não se aplica;30,00%;12;28;
2024;IFES;Campus Cachoeiro de Itapemirim;Educação Presencial;Técnico;Concomitante;Técnico em Eletromecânica;Noturno;36,67%;22;38;1
2024;IFES;Campus Cachoeiro de Itapemirim;Educação Presencial;Técnico;Concomitante;Técnico em Informática;Noturno;35,29%;18;33;
2024;IFES;Campus Cachoeiro de Itapemirim;Educação Presencial;Técnico;Concomitante;Técnico em Mecânica;Vespertino;71,43%;10;4;
2024;IFES;Campus Cachoeiro de Itapemirim;Educação Presencial;Técnico;Concomitante;Técnico em Mineração;Matutino;;;1;
2024;IFES;Campus Cachoeiro de Itapemirim;Educação Presencial;Técnico;Concomitante;Técnico em Mineração;Noturno;37,50%;21;35;
2024;IFES;Campus Cachoeiro de Itapemirim;Educação Presencial;Técnico;Concomitante;Técnico em Mineração;Vespertino;70,59%;12;5;1
2024;IFES;Campus Cachoeiro de Itapemirim;Educação Presencial;Técnico;Integrado;Técnico em Eletromecânica;Vespertino;65,79%;25;13;2
2024;IFES;Campus Cachoeiro de Itapemirim;Educação Presencial;Técnico;Integrado;Técnico em Informática;Vespertino;82,50%;33;7;
2024;IFES;Campus Cachoeiro de Itapemirim;Educação Presencial;Bacharelado;Não se aplica;Bacharelado em Sistemas de Informação;Integral;19,35%;6;25;9
2024;IFES;Campus Cachoeiro de Itapemirim;Educação Presencial;Bacharelado;Não se aplica;Engenharia de Minas;Integral;8,82%;3;31;10
2024;IFES;Campus Cachoeiro de Itapemirim;Educação Presencial;Bacharelado;Não se aplica;Engenharia Mecânica;Integral;25,00%;6;18;9
2024;IFES;Campus Cachoeiro de Itapemirim;Educação Presencial;Licenciatura;Não se aplica;Licenciatura em Matemática;Noturno;14,71%;5;29;9
2024;IFES;Campus Cachoeiro de Itapemirim;Educação Presencial;Especialização (Lato Sensu);Não se aplica;Ensino de Ciências Naturais Com Ênfase em Química e Física;Matutino;52,38%;11;10;
2023;IFES;Campus Cachoeiro de Itapemirim;Educação a Distância;Especialização (Lato Sensu);Não se aplica;Especialização - Desenvolvimento Educacional e Social;Não se aplica;51,69%;641;599;2
2023;IFES;Campus Cachoeiro de Itapemirim;Educação Presencial;Técnico;Concomitante;Técnico em Eletromecânica;Noturno;25,00%;4;12;2
2023;IFES;Campus Cachoeiro de Itapemirim;Educação Presencial;Técnico;Concomitante;Técnico em Informática;Noturno;12,50%;2;14;1
2023;IFES;Campus Cachoeiro de Itapemirim;Educação Presencial;Técnico;Concomitante;Técnico em Mineração;Noturno;8,33%;2;22;1
2023;IFES;Campus Cachoeiro de Itapemirim;Educação Presencial;Técnico;Integrado;Técnico em Eletromecânica;Matutino;86,49%;32;5;3
2023;IFES;Campus Cachoeiro de Itapemirim;Educação Presencial;Técnico;Integrado;Técnico em Informática;Matutino;78,95%;30;8;2
2023;IFES;Campus Cachoeiro de Itapemirim;Educação Presencial;Bacharelado;Não se aplica;Bacharelado em Sistemas de Informação;Integral;46,43%;13;15;12
2023;IFES;Campus Cachoeiro de Itapemirim;Educação Presencial;Bacharelado;Não se aplica;Engenharia de Minas;Integral;23,08%;6;20;4
2023;IFES;Campus Cachoeiro de Itapemirim;Educação Presencial;Bacharelado;Não se aplica;Engenharia Mecânica;Integral;33,33%;10;20;6
2023;IFES;Campus Cachoeiro de Itapemirim;Educação Presencial;Bacharelado;Não se aplica;Engenharia Mecânica;Matutino;;;1;
2023;IFES;Campus Cachoeiro de Itapemirim;Educação Presencial;Licenciatura;Não se aplica;Licenciatura em Matemática;Noturno;51,16%;22;21;3
2023;IFES;Campus Cachoeiro de Itapemirim;Educação Presencial;Especialização (Lato Sensu);Não se aplica;Especialização - Recursos Naturais;Noturno;50,00%;10;10;
2022;IFES;Campus Cachoeiro de Itapemirim;Educação a Distância;Licenciatura;Não se aplica;Licenciatura em Informática;Não se aplica;24,91%;133;401;65
2022;IFES;Campus Cachoeiro de Itapemirim;Educação a Distância;Especialização (Lato Sensu);Não se aplica;Programa Especial de Formação Pedagógica de Docentes;Não se aplica;42,50%;17;23;
2022;IFES;Campus Cachoeiro de Itapemirim;Educação Presencial;Técnico;Concomitante;Técnico em Eletromecânica;Noturno;18,33%;11;49;12
2022;IFES;Campus Cachoeiro de Itapemirim;Educação Presencial;Técnico;Concomitante;Técnico em Informática;Noturno;12,70%;8;55;10
2022;IFES;Campus Cachoeiro de Itapemirim;Educação Presencial;Técnico;Concomitante;Técnico em Mineração;Noturno;6,00%;3;47;19
2022;IFES;Campus Cachoeiro de Itapemirim;Educação Presencial;Técnico;Integrado;Técnico em Eletromecânica;Vespertino;89,47%;34;4;2
2022;IFES;Campus Cachoeiro de Itapemirim;Educação Presencial;Técnico;Integrado;Técnico em Informática;Vespertino;80,00%;32;8;
2022;IFES;Campus Cachoeiro de Itapemirim;Educação Presencial;Bacharelado;Não se aplica;Bacharelado em Sistemas de Informação;Integral;11,11%;2;16;24
2022;IFES;Campus Cachoeiro de Itapemirim;Educação Presencial;Bacharelado;Não se aplica;Engenharia de Minas;Integral;20,00%;5;20;5
2022;IFES;Campus Cachoeiro de Itapemirim;Educação Presencial;Bacharelado;Não se aplica;Engenharia Mecânica;Integral;14,81%;4;23;10
2022;IFES;Campus Cachoeiro de Itapemirim;Educação Presencial;Licenciatura;Não se aplica;Licenciatura em Matemática;Noturno;14,29%;5;30;10
2021;IFES;Campus Cachoeiro de Itapemirim;Educação Presencial;Qualificação Profissional (FIC);Não se aplica;Educação Física (Qualificação Profissional (FIC));Vespertino;100,00%;50;;
2021;IFES;Campus Cachoeiro de Itapemirim;Educação Presencial;Técnico;Concomitante;Técnico em Eletromecânica;Noturno;14,63%;6;35;17
2021;IFES;Campus Cachoeiro de Itapemirim;Educação Presencial;Técnico;Concomitante;Técnico em Informática;Noturno;20,00%;10;40;8
2021;IFES;Campus Cachoeiro de Itapemirim;Educação Presencial;Técnico;Concomitante;Técnico em Mineração;Noturno;17,02%;8;39;9
2021;IFES;Campus Cachoeiro de Itapemirim;Educação Presencial;Técnico;Integrado;Técnico em Eletromecânica;Matutino;81,58%;31;7;1
2021;IFES;Campus Cachoeiro de Itapemirim;Educação Presencial;Técnico;Integrado;Técnico em Informática;Vespertino;80,00%;32;8;1
2021;IFES;Campus Cachoeiro de Itapemirim;Educação Presencial;Bacharelado;Não se aplica;Bacharelado em Sistemas de Informação;Integral;4,35%;1;22;17
2021;IFES;Campus Cachoeiro de Itapemirim;Educação Presencial;Bacharelado;Não se aplica;Engenharia de Minas;Integral;32,14%;9;19;5
2021;IFES;Campus Cachoeiro de Itapemirim;Educação Presencial;Bacharelado;Não se aplica;Engenharia Mecânica;Integral;30,19%;16;37;24
2021;IFES;Campus Cachoeiro de Itapemirim;Educação Presencial;Licenciatura;Não se aplica;Licenciatura em Matemática;Noturno;8,00%;2;23;19
2021;IFES;Campus Cachoeiro de Itapemirim;Educação Presencial;Especialização (Lato Sensu);Não se aplica;Especialização (Lato Sensu) - Desenvolvimento Educacional e Social;Noturno;66,67%;20;10;
2021;IFES;Campus Cachoeiro de Itapemirim;Educação Presencial;Especialização (Lato Sensu);Não se aplica;Especialização (Lato Sensu) - Recursos Naturais;Noturno;80,95%;17;4;
2020;IFES;Campus Cachoeiro de Itapemirim;Educação Presencial;Técnico;Concomitante;Técnico em Eletromecânica;Noturno;38,81%;26;41;5
2020;IFES;Campus Cachoeiro de Itapemirim;Educação Presencial;Técnico;Concomitante;Técnico em Informática;Noturno;28,57%;18;45;9
2020;IFES;Campus Cachoeiro de Itapemirim;Educação Presencial;Técnico;Concomitante;Técnico em Mineração;Noturno;32,31%;21;44;6
2020;IFES;Campus Cachoeiro de Itapemirim;Educação Presencial;Técnico;Integrado;Técnico em Eletromecânica;Vespertino;66,67%;26;13;3
2020;IFES;Campus Cachoeiro de Itapemirim;Educação Presencial;Técnico;Integrado;Técnico em Informática;Vespertino;87,50%;35;5;1
2020;IFES;Campus Cachoeiro de Itapemirim;Educação Presencial;Bacharelado;Não se aplica;Bacharelado em Sistemas de Informação;Integral;27,69%;18;47;19
2020;IFES;Campus Cachoeiro de Itapemirim;Educação Presencial;Bacharelado;Não se aplica;Engenharia de Minas;Integral;22,22%;4;14;13
2020;IFES;Campus Cachoeiro de Itapemirim;Educação Presencial;Bacharelado;Não se aplica;Engenharia Mecânica;Integral;34,48%;10;19;9
2020;IFES;Campus Cachoeiro de Itapemirim;Educação Presencial;Licenciatura;Não se aplica;Licenciatura em Matemática;Noturno;21,62%;8;29;6
2019;IFES;Campus Cachoeiro de Itapemirim;Educação Presencial;Qualificação Profissional (FIC);Não se aplica;Qualificação Profissional - Desenvolvimento Educacional e Social;Noturno;39,47%;90;138;
2019;IFES;Campus Cachoeiro de Itapemirim;Educação Presencial;Técnico;Concomitante;Técnico em Eletromecânica;Noturno;39,71%;27;41;4
2019;IFES;Campus Cachoeiro de Itapemirim;Educação Presencial;Técnico;Concomitante;Técnico em Informática;Noturno;19,40%;13;54;6
2019;IFES;Campus Cachoeiro de Itapemirim;Educação Presencial;Técnico;Concomitante;Técnico em Mineração;Noturno;25,37%;17;50;17
2019;IFES;Campus Cachoeiro de Itapemirim;Educação Presencial;Técnico;Integrado;Técnico em Eletromecânica;Matutino;65,63%;21;11;
2019;IFES;Campus Cachoeiro de Itapemirim;Educação Presencial;Técnico;Integrado;Técnico em Informática;Matutino;63,33%;19;11;3
2019;IFES;Campus Cachoeiro de Itapemirim;Educação Presencial;Bacharelado;Não se aplica;Bacharelado em Sistemas de Informação;Integral;22,50%;9;31;5
2019;IFES;Campus Cachoeiro de Itapemirim;Educação Presencial;Bacharelado;Não se aplica;Engenharia de Minas;Integral;30,00%;9;21;12
2019;IFES;Campus Cachoeiro de Itapemirim;Educação Presencial;Bacharelado;Não se aplica;Engenharia Mecânica;Integral;40,00%;12;18;4
2019;IFES;Campus Cachoeiro de Itapemirim;Educação Presencial;Licenciatura;Não se aplica;Licenciatura em Matemática;Noturno;22,08%;17;60;4
2018;IFES;Campus Cachoeiro de Itapemirim;Educação a Distância;Licenciatura;Não se aplica;Licenciatura em Informática;[Sem informação];21,19%;25;93;18
2018;IFES;Campus Cachoeiro de Itapemirim;Educação Presencial;Técnico;Concomitante;Técnico em Eletromecânica;[Sem informação];30,77%;16;36;20
2018;IFES;Campus Cachoeiro de Itapemirim;Educação Presencial;Técnico;Concomitante;Técnico em Informática;[Sem informação];10,81%;4;33;
2018;IFES;Campus Cachoeiro de Itapemirim;Educação Presencial;Técnico;Concomitante;Técnico em Mineração;[Sem informação];12,50%;3;21;5
2018;IFES;Campus Cachoeiro de Itapemirim;Educação Presencial;Técnico;Integrado;Técnico em Eletromecânica;[Sem informação];62,16%;23;14;3
2018;IFES;Campus Cachoeiro de Itapemirim;Educação Presencial;Técnico;Integrado;Técnico em Informática;[Sem informação];47,50%;19;21;
2018;IFES;Campus Cachoeiro de Itapemirim;Educação Presencial;Bacharelado;Não se aplica;Engenharia de Minas;[Sem informação];66,67%;22;11;7
2018;IFES;Campus Cachoeiro de Itapemirim;Educação Presencial;Licenciatura;Não se aplica;Licenciatura em Matemática;[Sem informação];18,18%;8;36;4
2017;IFES;Campus Cachoeiro de Itapemirim;Educação Presencial;Técnico;Concomitante;Técnico em Eletromecânica;[Sem informação];10,26%;4;35;
2017;IFES;Campus Cachoeiro de Itapemirim;Educação Presencial;Técnico;Concomitante;Técnico em Eletromecânica;Noturno;57,89%;11;8;15
2017;IFES;Campus Cachoeiro de Itapemirim;Educação Presencial;Técnico;Concomitante;Técnico em Informática;[Sem informação];5,26%;1;18;
2017;IFES;Campus Cachoeiro de Itapemirim;Educação Presencial;Técnico;Concomitante;Técnico em Informática;Noturno;50,00%;5;5;1
2017;IFES;Campus Cachoeiro de Itapemirim;Educação Presencial;Técnico;Concomitante;Técnico em Mineração;[Sem informação];;;37;
2017;IFES;Campus Cachoeiro de Itapemirim;Educação Presencial;Técnico;Concomitante;Técnico em Mineração;Noturno;44,44%;8;10;20
2017;IFES;Campus Cachoeiro de Itapemirim;Educação Presencial;Técnico;Integrado;Técnico em Eletromecânica;[Sem informação];9,09%;1;10;
2017;IFES;Campus Cachoeiro de Itapemirim;Educação Presencial;Técnico;Integrado;Técnico em Eletromecânica;Matutino;93,10%;27;2;2
2017;IFES;Campus Cachoeiro de Itapemirim;Educação Presencial;Técnico;Integrado;Técnico em Informática;[Sem informação];6,25%;1;15;
2017;IFES;Campus Cachoeiro de Itapemirim;Educação Presencial;Técnico;Integrado;Técnico em Informática;Matutino;86,96%;20;3;1
2017;IFES;Campus Cachoeiro de Itapemirim;Educação Presencial;Bacharelado;Não se aplica;Engenharia de Minas;[Sem informação];;;25;
2017;IFES;Campus Cachoeiro de Itapemirim;Educação Presencial;Bacharelado;Não se aplica;Engenharia de Minas;Integral;100,00%;10;;9
2017;IFES;Campus Cachoeiro de Itapemirim;Educação Presencial;Licenciatura;Não se aplica;SEGUNDA LICENCIATURA EM MATEMATICA;[Sem informação];33,33%;6;12;