Instituição;Estrutura com Matrícula;Modalidade de Ensino;Tipo de Curso;Tipo de Oferta;Nome do Curso;Turno do Curso;Ano;Matrículas;Matrículas Equivalentes;Vagas;Inscritos;Ingressantes;Concluintes
IFES;Campus Cachoeiro de Itapemirim;Educação a Distância;Qualificação Profissional (FIC);Não se aplica;Qualificação Profissional (FIC) - Informação e Comunicação;Não se aplica;2017;;;;;;
IFES;Campus Cachoeiro de Itapemirim;Educação a Distância;Qualificação Profissional (FIC);Não se aplica;Qualificação Profissional (FIC) - Informação e Comunicação;Não se aplica;2018;;;;;;
IFES;Campus Cachoeiro de Itapemirim;Educação a Distância;Qualificação Profissional (FIC);Não se aplica;Qualificação Profissional (FIC) - Informação e Comunicação;Não se aplica;2019;;;;;;
IFES;Campus Cachoeiro de Itapemirim;Educação a Distância;Qualificação Profissional (FIC);Não se aplica;Qualificação Profissional (FIC) - Informação e Comunicação;Não se aplica;2020;;;;;;
IFES;Campus Cachoeiro de Itapemirim;Educação a Distância;Qualificação Profissional (FIC);Não se aplica;Qualificação Profissional (FIC) - Informação e Comunicação;Não se aplica;2021;;;;;;
IFES;Campus Cachoeiro de Itapemirim;Educação a Distância;Qualificação Profissional (FIC);Não se aplica;Qualificação Profissional (FIC) - Informação e Comunicação;Não se aplica;2022;;;;;;
IFES;Campus Cachoeiro de Itapemirim;Educação a Distância;Qualificação Profissional (FIC);Não se aplica;Qualificação Profissional (FIC) - Informação e Comunicação;Não se aplica;2023;4.065;894,30;3.227;7.169;2.928;1.279
IFES;Campus Cachoeiro de Itapemirim;Educação a Distância;Qualificação Profissional (FIC);Não se aplica;Qualificação Profissional (FIC) - Informação e Comunicação;Não se aplica;2024;873;192,06;110;110;109;443
IFES;Campus Cachoeiro de Itapemirim;Educação a Distância;Qualificação Profissional (FIC);Não se aplica;Qualificação Profissional (FIC) - Informação e Comunicação;Não se aplica;2025;;;;;;
IFES;Campus Cachoeiro de Itapemirim;Educação a Distância;Licenciatura;Não se aplica;Licenciatura em Informática;Não se aplica;2017;565;;500;812;463;39
IFES;Campus Cachoeiro de Itapemirim;Educação a Distância;Licenciatura;Não se aplica;Licenciatura em Informática;Não se aplica;2018;690;;;;138;40
IFES;Campus Cachoeiro de Itapemirim;Educação a Distância;Licenciatura;Não se aplica;Licenciatura em Informática;Não se aplica;2019;444;;;;;4
IFES;Campus Cachoeiro de Itapemirim;Educação a Distância;Licenciatura;Não se aplica;Licenciatura em Informática;Não se aplica;2020;339;;;;;1
IFES;Campus Cachoeiro de Itapemirim;Educação a Distância;Licenciatura;Não se aplica;Licenciatura em Informática;Não se aplica;2021;292;292,00;;;;2
IFES;Campus Cachoeiro de Itapemirim;Educação a Distância;Licenciatura;Não se aplica;Licenciatura em Informática;Não se aplica;2022;234;234,00;;;;134
IFES;Campus Cachoeiro de Itapemirim;Educação a Distância;Licenciatura;Não se aplica;Licenciatura em Informática;Não se aplica;2023;61;61,00;;;;22
IFES;Campus Cachoeiro de Itapemirim;Educação a Distância;Licenciatura;Não se aplica;Licenciatura em Informática;Não se aplica;2024;39;39,00;;;;11
IFES;Campus Cachoeiro de Itapemirim;Educação a Distância;Licenciatura;Não se aplica;Licenciatura em Informática;Não se aplica;2025;24;24,00;;;;9
IFES;Campus Cachoeiro de Itapemirim;Educação a Distância;Especialização (Lato Sensu);Não se aplica;Ensino de Ciências Naturais;Não se aplica;2017;;;;;;
IFES;Campus Cachoeiro de Itapemirim;Educação a Distância;Especialização (Lato Sensu);Não se aplica;Ensino de Ciências Naturais;Não se aplica;2018;;;;;;
IFES;Campus Cachoeiro de Itapemirim;Educação a Distância;Especialização (Lato Sensu);Não se aplica;Ensino de Ciências Naturais;Não se aplica;2019;;;;;;
IFES;Campus Cachoeiro de Itapemirim;Educação a Distância;Especialização (Lato Sensu);Não se aplica;Ensino de Ciências Naturais;Não se aplica;2020;;;;;;
IFES;Campus Cachoeiro de Itapemirim;Educação a Distância;Especialização (Lato Sensu);Não se aplica;Ensino de Ciências Naturais;Não se aplica;2021;;;;;;
IFES;Campus Cachoeiro de Itapemirim;Educação a Distância;Especialização (Lato Sensu);Não se aplica;Ensino de Ciências Naturais;Não se aplica;2022;;;;;;
IFES;Campus Cachoeiro de Itapemirim;Educação a Distância;Especialização (Lato Sensu);Não se aplica;Ensino de Ciências Naturais;Não se aplica;2023;;;;;;
IFES;Campus Cachoeiro de Itapemirim;Educação a Distância;Especialização (Lato Sensu);Não se aplica;Ensino de Ciências Naturais;Não se aplica;2024;30;30,00;30;153;30;
IFES;Campus Cachoeiro de Itapemirim;Educação a Distância;Especialização (Lato Sensu);Não se aplica;Ensino de Ciências Naturais;Não se aplica;2025;30;30,00;;;;
IFES;Campus Cachoeiro de Itapemirim;Educação a Distância;Especialização (Lato Sensu);Não se aplica;Especialização - Desenvolvimento Educacional e Social;Não se aplica;2017;;;;;;
IFES;Campus Cachoeiro de Itapemirim;Educação a Distância;Especialização (Lato Sensu);Não se aplica;Especialização - Desenvolvimento Educacional e Social;Não se aplica;2018;;;;;;
IFES;Campus Cachoeiro de Itapemirim;Educação a Distância;Especialização (Lato Sensu);Não se aplica;Especialização - Desenvolvimento Educacional e Social;Não se aplica;2019;40;40,00;40;478;40;
IFES;Campus Cachoeiro de Itapemirim;Educação a Distância;Especialização (Lato Sensu);Não se aplica;Especialização - Desenvolvimento Educacional e Social;Não se aplica;2020;39;39,00;;;;11
IFES;Campus Cachoeiro de Itapemirim;Educação a Distância;Especialização (Lato Sensu);Não se aplica;Especialização - Desenvolvimento Educacional e Social;Não se aplica;2021;;;;;;
IFES;Campus Cachoeiro de Itapemirim;Educação a Distância;Especialização (Lato Sensu);Não se aplica;Especialização - Desenvolvimento Educacional e Social;Não se aplica;2022;1.264;1.264,00;1.240;2.939;1.242;637
IFES;Campus Cachoeiro de Itapemirim;Educação a Distância;Especialização (Lato Sensu);Não se aplica;Especialização - Desenvolvimento Educacional e Social;Não se aplica;2023;31;31,00;;;;11
IFES;Campus Cachoeiro de Itapemirim;Educação a Distância;Especialização (Lato Sensu);Não se aplica;Especialização - Desenvolvimento Educacional e Social;Não se aplica;2024;;;;;;
IFES;Campus Cachoeiro de Itapemirim;Educação a Distância;Especialização (Lato Sensu);Não se aplica;Especialização - Desenvolvimento Educacional e Social;Não se aplica;2025;;;;;;
IFES;Campus Cachoeiro de Itapemirim;Educação a Distância;Especialização (Lato Sensu);Não se aplica;Especialização (Lato Sensu) - Desenvolvimento Educacional e Social;Não se aplica;2017;;;;;;
IFES;Campus Cachoeiro de Itapemirim;Educação a Distância;Especialização (Lato Sensu);Não se aplica;Especialização (Lato Sensu) - Desenvolvimento Educacional e Social;Não se aplica;2018;;;;;;
IFES;Campus Cachoeiro de Itapemirim;Educação a Distância;Especialização (Lato Sensu);Não se aplica;Especialização (Lato Sensu) - Desenvolvimento Educacional e Social;Não se aplica;2019;;;;;;
IFES;Campus Cachoeiro de Itapemirim;Educação a Distância;Especialização (Lato Sensu);Não se aplica;Especialização (Lato Sensu) - Desenvolvimento Educacional e Social;Não se aplica;2020;;;;;;
IFES;Campus Cachoeiro de Itapemirim;Educação a Distância;Especialização (Lato Sensu);Não se aplica;Especialização (Lato Sensu) - Desenvolvimento Educacional e Social;Não se aplica;2021;40;40,00;40;230;40;
IFES;Campus Cachoeiro de Itapemirim;Educação a Distância;Especialização (Lato Sensu);Não se aplica;Especialização (Lato Sensu) - Desenvolvimento Educacional e Social;Não se aplica;2022;;;;;;
IFES;Campus Cachoeiro de Itapemirim;Educação a Distância;Especialização (Lato Sensu);Não se aplica;Especialização (Lato Sensu) - Desenvolvimento Educacional e Social;Não se aplica;2023;;;;;;
IFES;Campus Cachoeiro de Itapemirim;Educação a Distância;Especialização (Lato Sensu);Não se aplica;Especialização (Lato Sensu) - Desenvolvimento Educacional e Social;Não se aplica;2024;;;;;;
IFES;Campus Cachoeiro de Itapemirim;Educação a Distância;Especialização (Lato Sensu);Não se aplica;Especialização (Lato Sensu) - Desenvolvimento Educacional e Social;Não se aplica;2025;;;;;;
IFES;Campus Cachoeiro de Itapemirim;Educação a Distância;Especialização (Lato Sensu);Não se aplica;Programa Especial de Formação Pedagógica de Docentes;Não se aplica;2017;;;;;;
IFES;Campus Cachoeiro de Itapemirim;Educação a Distância;Especialização (Lato Sensu);Não se aplica;Programa Especial de Formação Pedagógica de Docentes;Não se aplica;2018;;;;;;
IFES;Campus Cachoeiro de Itapemirim;Educação a Distância;Especialização (Lato Sensu);Não se aplica;Programa Especial de Formação Pedagógica de Docentes;Não se aplica;2019;;;;;;
IFES;Campus Cachoeiro de Itapemirim;Educação a Distância;Especialização (Lato Sensu);Não se aplica;Programa Especial de Formação Pedagógica de Docentes;Não se aplica;2020;;;;;;
IFES;Campus Cachoeiro de Itapemirim;Educação a Distância;Especialização (Lato Sensu);Não se aplica;Programa Especial de Formação Pedagógica de Docentes;Não se aplica;2021;13;14,56;;;;
IFES;Campus Cachoeiro de Itapemirim;Educação a Distância;Especialização (Lato Sensu);Não se aplica;Programa Especial de Formação Pedagógica de Docentes;Não se aplica;2022;1;1,00;;;;1
IFES;Campus Cachoeiro de Itapemirim;Educação a Distância;Especialização (Lato Sensu);Não se aplica;Programa Especial de Formação Pedagógica de Docentes;Não se aplica;2023;;;;;;
IFES;Campus Cachoeiro de Itapemirim;Educação a Distância;Especialização (Lato Sensu);Não se aplica;Programa Especial de Formação Pedagógica de Docentes;Não se aplica;2024;;;;;;
IFES;Campus Cachoeiro de Itapemirim;Educação a Distância;Especialização (Lato Sensu);Não se aplica;Programa Especial de Formação Pedagógica de Docentes;Não se aplica;2025;;;;;;
IFES;Campus Cachoeiro de Itapemirim;Educação Presencial;Qualificação Profissional (FIC);Concomitante;Qualificação Profissional (FIC) - Desenvolvimento Educacional e Social;Vespertino;2017;;;;;;
IFES;Campus Cachoeiro de Itapemirim;Educação Presencial;Qualificação Profissional (FIC);Concomitante;Qualificação Profissional (FIC) - Desenvolvimento Educacional e Social;Vespertino;2018;;;;;;
IFES;Campus Cachoeiro de Itapemirim;Educação Presencial;Qualificação Profissional (FIC);Concomitante;Qualificação Profissional (FIC) - Desenvolvimento Educacional e Social;Vespertino;2019;;;;;;
IFES;Campus Cachoeiro de Itapemirim;Educação Presencial;Qualificação Profissional (FIC);Concomitante;Qualificação Profissional (FIC) - Desenvolvimento Educacional e Social;Vespertino;2020;;;;;;
IFES;Campus Cachoeiro de Itapemirim;Educação Presencial;Qualificação Profissional (FIC);Concomitante;Qualificação Profissional (FIC) - Desenvolvimento Educacional e Social;Vespertino;2021;;;;;;
IFES;Campus Cachoeiro de Itapemirim;Educação Presencial;Qualificação Profissional (FIC);Concomitante;Qualificação Profissional (FIC) - Desenvolvimento Educacional e Social;Vespertino;2022;;;;;;
IFES;Campus Cachoeiro de Itapemirim;Educação Presencial;Qualificação Profissional (FIC);Concomitante;Qualificação Profissional (FIC) - Desenvolvimento Educacional e Social;Vespertino;2023;;;;;;
IFES;Campus Cachoeiro de Itapemirim;Educação Presencial;Qualificação Profissional (FIC);Concomitante;Qualificação Profissional (FIC) - Desenvolvimento Educacional e Social;Vespertino;2024;;;;;;
IFES;Campus Cachoeiro de Itapemirim;Educação Presencial;Qualificação Profissional (FIC);Concomitante;Qualificação Profissional (FIC) - Desenvolvimento Educacional e Social;Vespertino;2025;36;15,84;40;113;36;31
IFES;Campus Cachoeiro de Itapemirim;Educação Presencial;Qualificação Profissional (FIC);Não se aplica;Qualificação Profissional - Desenvolvimento Educacional e Social;Noturno;2017;228;34,20;228;228;228;
IFES;Campus Cachoeiro de Itapemirim;Educação Presencial;Qualificação Profissional (FIC);Não se aplica;Qualificação Profissional - Desenvolvimento Educacional e Social;Noturno;2018;228;34,20;;;;90
IFES;Campus Cachoeiro de Itapemirim;Educação Presencial;Qualificação Profissional (FIC);Não se aplica;Qualificação Profissional - Desenvolvimento Educacional e Social;Noturno;2019;;;;;;
IFES;Campus Cachoeiro de Itapemirim;Educação Presencial;Qualificação Profissional (FIC);Não se aplica;Qualificação Profissional - Desenvolvimento Educacional e Social;Noturno;2020;;;;;;
IFES;Campus Cachoeiro de Itapemirim;Educação Presencial;Qualificação Profissional (FIC);Não se aplica;Qualificação Profissional - Desenvolvimento Educacional e Social;Noturno;2021;;;;;;
IFES;Campus Cachoeiro de Itapemirim;Educação Presencial;Qualificação Profissional (FIC);Não se aplica;Qualificação Profissional - Desenvolvimento Educacional e Social;Noturno;2022;;;;;;
IFES;Campus Cachoeiro de Itapemirim;Educação Presencial;Qualificação Profissional (FIC);Não se aplica;Qualificação Profissional - Desenvolvimento Educacional e Social;Noturno;2023;;;;;;
IFES;Campus Cachoeiro de Itapemirim;Educação Presencial;Qualificação Profissional (FIC);Não se aplica;Qualificação Profissional - Desenvolvimento Educacional e Social;Noturno;2024;;;;;;
IFES;Campus Cachoeiro de Itapemirim;Educação Presencial;Qualificação Profissional (FIC);Não se aplica;Qualificação Profissional - Desenvolvimento Educacional e Social;Noturno;2025;;;;;;
IFES;Campus Cachoeiro de Itapemirim;Educação Presencial;Qualificação Profissional (FIC);Não se aplica;Qualificação Profissional - Desenvolvimento Educacional e Social;Vespertino;2017;;;;;;
IFES;Campus Cachoeiro de Itapemirim;Educação Presencial;Qualificação Profissional (FIC);Não se aplica;Qualificação Profissional - Desenvolvimento Educacional e Social;Vespertino;2018;;;;;;
IFES;Campus Cachoeiro de Itapemirim;Educação Presencial;Qualificação Profissional (FIC);Não se aplica;Qualificação Profissional - Desenvolvimento Educacional e Social;Vespertino;2019;;;;;;
IFES;Campus Cachoeiro de Itapemirim;Educação Presencial;Qualificação Profissional (FIC);Não se aplica;Qualificação Profissional - Desenvolvimento Educacional e Social;Vespertino;2020;50;34,00;;;;50
IFES;Campus Cachoeiro de Itapemirim;Educação Presencial;Qualificação Profissional (FIC);Não se aplica;Qualificação Profissional - Desenvolvimento Educacional e Social;Vespertino;2021;;;;;;
IFES;Campus Cachoeiro de Itapemirim;Educação Presencial;Qualificação Profissional (FIC);Não se aplica;Qualificação Profissional - Desenvolvimento Educacional e Social;Vespertino;2022;;;;;;
IFES;Campus Cachoeiro de Itapemirim;Educação Presencial;Qualificação Profissional (FIC);Não se aplica;Qualificação Profissional - Desenvolvimento Educacional e Social;Vespertino;2023;;;;;;
IFES;Campus Cachoeiro de Itapemirim;Educação Presencial;Qualificação Profissional (FIC);Não se aplica;Qualificação Profissional - Desenvolvimento Educacional e Social;Vespertino;2024;;;;;;
IFES;Campus Cachoeiro de Itapemirim;Educação Presencial;Qualificação Profissional (FIC);Não se aplica;Qualificação Profissional - Desenvolvimento Educacional e Social;Vespertino;2025;;;;;;
IFES;Campus Cachoeiro de Itapemirim;Educação Presencial;Qualificação Profissional (FIC);Não se aplica;Qualificação Profissional (FIC) - Produção Industrial;Noturno;2017;;;;;;
IFES;Campus Cachoeiro de Itapemirim;Educação Presencial;Qualificação Profissional (FIC);Não se aplica;Qualificação Profissional (FIC) - Produção Industrial;Noturno;2018;;;;;;
IFES;Campus Cachoeiro de Itapemirim;Educação Presencial;Qualificação Profissional (FIC);Não se aplica;Qualificação Profissional (FIC) - Produção Industrial;Noturno;2019;;;;;;
IFES;Campus Cachoeiro de Itapemirim;Educação Presencial;Qualificação Profissional (FIC);Não se aplica;Qualificação Profissional (FIC) - Produção Industrial;Noturno;2020;;;;;;
IFES;Campus Cachoeiro de Itapemirim;Educação Presencial;Qualificação Profissional (FIC);Não se aplica;Qualificação Profissional (FIC) - Produção Industrial;Noturno;2021;;;;;;
IFES;Campus Cachoeiro de Itapemirim;Educação Presencial;Qualificação Profissional (FIC);Não se aplica;Qualificação Profissional (FIC) - Produção Industrial;Noturno;2022;;;;;;
IFES;Campus Cachoeiro de Itapemirim;Educação Presencial;Qualificação Profissional (FIC);Não se aplica;Qualificação Profissional (FIC) - Produção Industrial;Noturno;2023;;;;;;
IFES;Campus Cachoeiro de Itapemirim;Educação Presencial;Qualificação Profissional (FIC);Não se aplica;Qualificação Profissional (FIC) - Produção Industrial;Noturno;2024;27;9,36;30;27;27;
IFES;Campus Cachoeiro de Itapemirim;Educação Presencial;Qualificação Profissional (FIC);Não se aplica;Qualificação Profissional (FIC) - Produção Industrial;Noturno;2025;1;0,35;;;;
IFES;Campus Cachoeiro de Itapemirim;Educação Presencial;Técnico;Concomitante;Técnico em Eletromecânica;Noturno;2017;228;289,56;72;96;72;38
IFES;Campus Cachoeiro de Itapemirim;Educação Presencial;Técnico;Concomitante;Técnico em Eletromecânica;Noturno;2018;209;271,70;72;167;72;27
IFES;Campus Cachoeiro de Itapemirim;Educação Presencial;Técnico;Concomitante;Técnico em Eletromecânica;Noturno;2019;192;249,60;72;178;71;50
IFES;Campus Cachoeiro de Itapemirim;Educação Presencial;Técnico;Concomitante;Técnico em Eletromecânica;Noturno;2020;161;204,47;36;70;36;27
IFES;Campus Cachoeiro de Itapemirim;Educação Presencial;Técnico;Concomitante;Técnico em Eletromecânica;Noturno;2021;147;168,46;68;305;43;20
IFES;Campus Cachoeiro de Itapemirim;Educação Presencial;Técnico;Concomitante;Técnico em Eletromecânica;Noturno;2022;209;239,51;72;120;72;18
IFES;Campus Cachoeiro de Itapemirim;Educação Presencial;Técnico;Concomitante;Técnico em Eletromecânica;Noturno;2023;171;195,97;72;99;72;31
IFES;Campus Cachoeiro de Itapemirim;Educação Presencial;Técnico;Concomitante;Técnico em Eletromecânica;Noturno;2024;163;186,80;72;114;71;22
IFES;Campus Cachoeiro de Itapemirim;Educação Presencial;Técnico;Concomitante;Técnico em Eletromecânica;Noturno;2025;151;173,05;72;72;61;16
IFES;Campus Cachoeiro de Itapemirim;Educação Presencial;Técnico;Concomitante;Técnico em Informática;Noturno;2017;145;181,25;72;126;72;9
IFES;Campus Cachoeiro de Itapemirim;Educação Presencial;Técnico;Concomitante;Técnico em Informática;Noturno;2018;155;186,00;72;227;74;12
IFES;Campus Cachoeiro de Itapemirim;Educação Presencial;Técnico;Concomitante;Técnico em Informática;Noturno;2019;157;188,40;72;125;72;15
IFES;Campus Cachoeiro de Itapemirim;Educação Presencial;Técnico;Concomitante;Técnico em Informática;Noturno;2020;145;181,25;36;71;36;12
IFES;Campus Cachoeiro de Itapemirim;Educação Presencial;Técnico;Concomitante;Técnico em Informática;Noturno;2021;116;122,15;68;468;32;8
IFES;Campus Cachoeiro de Itapemirim;Educação Presencial;Técnico;Concomitante;Técnico em Informática;Noturno;2022;193;203,23;72;125;72;13
IFES;Campus Cachoeiro de Itapemirim;Educação Presencial;Técnico;Concomitante;Técnico em Informática;Noturno;2023;155;163,22;72;114;71;20
IFES;Campus Cachoeiro de Itapemirim;Educação Presencial;Técnico;Concomitante;Técnico em Informática;Noturno;2024;96;101,09;;;1;15
IFES;Campus Cachoeiro de Itapemirim;Educação Presencial;Técnico;Concomitante;Técnico em Informática;Noturno;2025;43;45,28;;;;11
IFES;Campus Cachoeiro de Itapemirim;Educação Presencial;Técnico;Concomitante;Técnico em Informática para Internet;Noturno;2017;;;;;;
IFES;Campus Cachoeiro de Itapemirim;Educação Presencial;Técnico;Concomitante;Técnico em Informática para Internet;Noturno;2018;;;;;;
IFES;Campus Cachoeiro de Itapemirim;Educação Presencial;Técnico;Concomitante;Técnico em Informática para Internet;Noturno;2019;;;;;;
IFES;Campus Cachoeiro de Itapemirim;Educação Presencial;Técnico;Concomitante;Técnico em Informática para Internet;Noturno;2020;;;;;;
IFES;Campus Cachoeiro de Itapemirim;Educação Presencial;Técnico;Concomitante;Técnico em Informática para Internet;Noturno;2021;;;;;;
IFES;Campus Cachoeiro de Itapemirim;Educação Presencial;Técnico;Concomitante;Técnico em Informática para Internet;Noturno;2022;;;;;;
IFES;Campus Cachoeiro de Itapemirim;Educação Presencial;Técnico;Concomitante;Técnico em Informática para Internet;Noturno;2023;;;;;;
IFES;Campus Cachoeiro de Itapemirim;Educação Presencial;Técnico;Concomitante;Técnico em Informática para Internet;Noturno;2024;79;81,21;79;149;79;
IFES;Campus Cachoeiro de Itapemirim;Educação Presencial;Técnico;Concomitante;Técnico em Informática para Internet;Noturno;2025;125;128,50;80;89;59;
IFES;Campus Cachoeiro de Itapemirim;Educação Presencial;Técnico;Concomitante;Técnico em Mecânica;Vespertino;2017;;;;;;
IFES;Campus Cachoeiro de Itapemirim;Educação Presencial;Técnico;Concomitante;Técnico em Mecânica;Vespertino;2018;;;;;;
IFES;Campus Cachoeiro de Itapemirim;Educação Presencial;Técnico;Concomitante;Técnico em Mecânica;Vespertino;2019;;;;;;
IFES;Campus Cachoeiro de Itapemirim;Educação Presencial;Técnico;Concomitante;Técnico em Mecânica;Vespertino;2020;;;;;;
IFES;Campus Cachoeiro de Itapemirim;Educação Presencial;Técnico;Concomitante;Técnico em Mecânica;Vespertino;2021;14;17,46;20;14;14;
IFES;Campus Cachoeiro de Itapemirim;Educação Presencial;Técnico;Concomitante;Técnico em Mecânica;Vespertino;2022;34;42,40;20;32;20;
IFES;Campus Cachoeiro de Itapemirim;Educação Presencial;Técnico;Concomitante;Técnico em Mecânica;Vespertino;2023;53;66,09;20;20;20;
IFES;Campus Cachoeiro de Itapemirim;Educação Presencial;Técnico;Concomitante;Técnico em Mecânica;Vespertino;2024;65;81,06;20;20;20;21
IFES;Campus Cachoeiro de Itapemirim;Educação Presencial;Técnico;Concomitante;Técnico em Mecânica;Vespertino;2025;58;72,33;20;32;20;1
IFES;Campus Cachoeiro de Itapemirim;Educação Presencial;Técnico;Concomitante;Técnico em Mineração;Noturno;2017;218;261,60;72;95;72;27
IFES;Campus Cachoeiro de Itapemirim;Educação Presencial;Técnico;Concomitante;Técnico em Mineração;Noturno;2018;207;248,40;75;216;76;26
IFES;Campus Cachoeiro de Itapemirim;Educação Presencial;Técnico;Concomitante;Técnico em Mineração;Noturno;2019;183;219,60;73;116;73;24
IFES;Campus Cachoeiro de Itapemirim;Educação Presencial;Técnico;Concomitante;Técnico em Mineração;Noturno;2020;156;187,20;36;52;33;21
IFES;Campus Cachoeiro de Itapemirim;Educação Presencial;Técnico;Concomitante;Técnico em Mineração;Noturno;2021;125;134,13;68;238;48;9
IFES;Campus Cachoeiro de Itapemirim;Educação Presencial;Técnico;Concomitante;Técnico em Mineração;Noturno;2022;203;217,82;72;108;69;6
IFES;Campus Cachoeiro de Itapemirim;Educação Presencial;Técnico;Concomitante;Técnico em Mineração;Noturno;2023;168;180,26;72;122;72;14
IFES;Campus Cachoeiro de Itapemirim;Educação Presencial;Técnico;Concomitante;Técnico em Mineração;Noturno;2024;182;195,29;72;118;73;19
IFES;Campus Cachoeiro de Itapemirim;Educação Presencial;Técnico;Concomitante;Técnico em Mineração;Noturno;2025;171;183,48;72;69;56;5
IFES;Campus Cachoeiro de Itapemirim;Educação Presencial;Técnico;Concomitante;Técnico em Mineração;Vespertino;2017;;;;;;
IFES;Campus Cachoeiro de Itapemirim;Educação Presencial;Técnico;Concomitante;Técnico em Mineração;Vespertino;2018;;;;;;
IFES;Campus Cachoeiro de Itapemirim;Educação Presencial;Técnico;Concomitante;Técnico em Mineração;Vespertino;2019;;;;;;
IFES;Campus Cachoeiro de Itapemirim;Educação Presencial;Técnico;Concomitante;Técnico em Mineração;Vespertino;2020;;;;;;
IFES;Campus Cachoeiro de Itapemirim;Educação Presencial;Técnico;Concomitante;Técnico em Mineração;Vespertino;2021;18;19,31;20;18;18;
IFES;Campus Cachoeiro de Itapemirim;Educação Presencial;Técnico;Concomitante;Técnico em Mineração;Vespertino;2022;37;39,70;20;31;20;
IFES;Campus Cachoeiro de Itapemirim;Educação Presencial;Técnico;Concomitante;Técnico em Mineração;Vespertino;2023;57;61,16;20;20;20;
IFES;Campus Cachoeiro de Itapemirim;Educação Presencial;Técnico;Concomitante;Técnico em Mineração;Vespertino;2024;74;79,40;20;20;20;12
IFES;Campus Cachoeiro de Itapemirim;Educação Presencial;Técnico;Concomitante;Técnico em Mineração;Vespertino;2025;75;80,48;20;49;20;17
IFES;Campus Cachoeiro de Itapemirim;Educação Presencial;Técnico;Integrado;Técnico em Eletromecânica;Matutino;2017;100;127,00;40;253;40;26
IFES;Campus Cachoeiro de Itapemirim;Educação Presencial;Técnico;Integrado;Técnico em Eletromecânica;Matutino;2018;72;93,60;;;;22
IFES;Campus Cachoeiro de Itapemirim;Educação Presencial;Técnico;Integrado;Técnico em Eletromecânica;Matutino;2019;80;104,00;40;344;40;1
IFES;Campus Cachoeiro de Itapemirim;Educação Presencial;Técnico;Integrado;Técnico em Eletromecânica;Matutino;2020;73;92,71;;;;28
IFES;Campus Cachoeiro de Itapemirim;Educação Presencial;Técnico;Integrado;Técnico em Eletromecânica;Matutino;2021;84;96,26;40;205;40;3
IFES;Campus Cachoeiro de Itapemirim;Educação Presencial;Técnico;Integrado;Técnico em Eletromecânica;Matutino;2022;79;90,53;;;;31
IFES;Campus Cachoeiro de Itapemirim;Educação Presencial;Técnico;Integrado;Técnico em Eletromecânica;Matutino;2023;83;95,12;40;226;40;1
IFES;Campus Cachoeiro de Itapemirim;Educação Presencial;Técnico;Integrado;Técnico em Eletromecânica;Matutino;2024;72;82,51;;;;23
IFES;Campus Cachoeiro de Itapemirim;Educação Presencial;Técnico;Integrado;Técnico em Eletromecânica;Matutino;2025;84;96,26;40;260;40;2
IFES;Campus Cachoeiro de Itapemirim;Educação Presencial;Técnico;Integrado;Técnico em Eletromecânica;Vespertino;2017;72;91,44;;;2;20
IFES;Campus Cachoeiro de Itapemirim;Educação Presencial;Técnico;Integrado;Técnico em Eletromecânica;Vespertino;2018;91;118,30;40;288;40;10
IFES;Campus Cachoeiro de Itapemirim;Educação Presencial;Técnico;Integrado;Técnico em Eletromecânica;Vespertino;2019;76;98,80;;;;27
IFES;Campus Cachoeiro de Itapemirim;Educação Presencial;Técnico;Integrado;Técnico em Eletromecânica;Vespertino;2020;85;107,95;40;319;40;
IFES;Campus Cachoeiro de Itapemirim;Educação Presencial;Técnico;Integrado;Técnico em Eletromecânica;Vespertino;2021;79;90,53;;;;27
IFES;Campus Cachoeiro de Itapemirim;Educação Presencial;Técnico;Integrado;Técnico em Eletromecânica;Vespertino;2022;90;103,14;40;189;40;10
IFES;Campus Cachoeiro de Itapemirim;Educação Presencial;Técnico;Integrado;Técnico em Eletromecânica;Vespertino;2023;69;79,07;;;;23
IFES;Campus Cachoeiro de Itapemirim;Educação Presencial;Técnico;Integrado;Técnico em Eletromecânica;Vespertino;2024;86;98,56;41;300;41;3
IFES;Campus Cachoeiro de Itapemirim;Educação Presencial;Técnico;Integrado;Técnico em Eletromecânica;Vespertino;2025;80;91,68;;;1;28
IFES;Campus Cachoeiro de Itapemirim;Educação Presencial;Técnico;Integrado;Técnico em Informática;Matutino;2017;50;62,50;;;;20
IFES;Campus Cachoeiro de Itapemirim;Educação Presencial;Técnico;Integrado;Técnico em Informática;Matutino;2018;26;31,20;;;;16
IFES;Campus Cachoeiro de Itapemirim;Educação Presencial;Técnico;Integrado;Técnico em Informática;Matutino;2019;47;56,40;40;419;40;3
IFES;Campus Cachoeiro de Itapemirim;Educação Presencial;Técnico;Integrado;Técnico em Informática;Matutino;2020;40;50,00;;;;1
IFES;Campus Cachoeiro de Itapemirim;Educação Presencial;Técnico;Integrado;Técnico em Informática;Matutino;2021;75;78,98;40;372;40;1
IFES;Campus Cachoeiro de Itapemirim;Educação Presencial;Técnico;Integrado;Técnico em Informática;Matutino;2022;69;72,66;;;;30
IFES;Campus Cachoeiro de Itapemirim;Educação Presencial;Técnico;Integrado;Técnico em Informática;Matutino;2023;78;82,13;40;406;40;
IFES;Campus Cachoeiro de Itapemirim;Educação Presencial;Técnico;Integrado;Técnico em Informática;Matutino;2024;77;81,08;;;1;31
IFES;Campus Cachoeiro de Itapemirim;Educação Presencial;Técnico;Integrado;Técnico em Informática;Matutino;2025;42;44,23;;;;1
IFES;Campus Cachoeiro de Itapemirim;Educação Presencial;Técnico;Integrado;Técnico em Informática;Vespertino;2017;113;141,25;40;318;41;17
IFES;Campus Cachoeiro de Itapemirim;Educação Presencial;Técnico;Integrado;Técnico em Informática;Vespertino;2018;128;153,60;40;391;42;5
IFES;Campus Cachoeiro de Itapemirim;Educação Presencial;Técnico;Integrado;Técnico em Informática;Vespertino;2019;112;134,40;;;;32
IFES;Campus Cachoeiro de Itapemirim;Educação Presencial;Técnico;Integrado;Técnico em Informática;Vespertino;2020;117;146,25;40;502;40;28
IFES;Campus Cachoeiro de Itapemirim;Educação Presencial;Técnico;Integrado;Técnico em Informática;Vespertino;2021;85;89,51;;;;36
IFES;Campus Cachoeiro de Itapemirim;Educação Presencial;Técnico;Integrado;Técnico em Informática;Vespertino;2022;85;89,51;40;456;40;4
IFES;Campus Cachoeiro de Itapemirim;Educação Presencial;Técnico;Integrado;Técnico em Informática;Vespertino;2023;74;77,92;;;1;30
IFES;Campus Cachoeiro de Itapemirim;Educação Presencial;Técnico;Integrado;Técnico em Informática;Vespertino;2024;83;87,40;40;405;40;3
IFES;Campus Cachoeiro de Itapemirim;Educação Presencial;Técnico;Integrado;Técnico em Informática;Vespertino;2025;82;86,35;;;2;37
IFES;Campus Cachoeiro de Itapemirim;Educação Presencial;Técnico;Integrado;Técnico em Informática para Internet;Matutino;2017;;;;;;
IFES;Campus Cachoeiro de Itapemirim;Educação Presencial;Técnico;Integrado;Técnico em Informática para Internet;Matutino;2018;;;;;;
IFES;Campus Cachoeiro de Itapemirim;Educação Presencial;Técnico;Integrado;Técnico em Informática para Internet;Matutino;2019;;;;;;
IFES;Campus Cachoeiro de Itapemirim;Educação Presencial;Técnico;Integrado;Técnico em Informática para Internet;Matutino;2020;;;;;;
IFES;Campus Cachoeiro de Itapemirim;Educação Presencial;Técnico;Integrado;Técnico em Informática para Internet;Matutino;2021;;;;;;
IFES;Campus Cachoeiro de Itapemirim;Educação Presencial;Técnico;Integrado;Técnico em Informática para Internet;Matutino;2022;;;;;;
IFES;Campus Cachoeiro de Itapemirim;Educação Presencial;Técnico;Integrado;Técnico em Informática para Internet;Matutino;2023;;;;;;
IFES;Campus Cachoeiro de Itapemirim;Educação Presencial;Técnico;Integrado;Técnico em Informática para Internet;Matutino;2024;;;;;;
IFES;Campus Cachoeiro de Itapemirim;Educação Presencial;Técnico;Integrado;Técnico em Informática para Internet;Matutino;2025;40;41,12;40;494;40;
IFES;Campus Cachoeiro de Itapemirim;Educação Presencial;Bacharelado;Não se aplica;Bacharelado em Sistemas de Informação;Integral;2017;127;153,67;40;592;43;
IFES;Campus Cachoeiro de Itapemirim;Educação Presencial;Bacharelado;Não se aplica;Bacharelado em Sistemas de Informação;Integral;2018;146;175,20;40;427;42;6
IFES;Campus Cachoeiro de Itapemirim;Educação Presencial;Bacharelado;Não se aplica;Bacharelado em Sistemas de Informação;Integral;2019;164;196,80;40;100;40;16
IFES;Campus Cachoeiro de Itapemirim;Educação Presencial;Bacharelado;Não se aplica;Bacharelado em Sistemas de Informação;Integral;2020;160;193,60;40;367;40;
IFES;Campus Cachoeiro de Itapemirim;Educação Presencial;Bacharelado;Não se aplica;Bacharelado em Sistemas de Informação;Integral;2021;184;185,47;40;209;40;2
IFES;Campus Cachoeiro de Itapemirim;Educação Presencial;Bacharelado;Não se aplica;Bacharelado em Sistemas de Informação;Integral;2022;216;217,73;41;276;41;6
IFES;Campus Cachoeiro de Itapemirim;Educação Presencial;Bacharelado;Não se aplica;Bacharelado em Sistemas de Informação;Integral;2023;190;191,52;40;272;42;41
IFES;Campus Cachoeiro de Itapemirim;Educação Presencial;Bacharelado;Não se aplica;Bacharelado em Sistemas de Informação;Integral;2024;179;180,43;40;206;41;6
IFES;Campus Cachoeiro de Itapemirim;Educação Presencial;Bacharelado;Não se aplica;Bacharelado em Sistemas de Informação;Integral;2025;196;197,57;40;42;40;31
IFES;Campus Cachoeiro de Itapemirim;Educação Presencial;Bacharelado;Não se aplica;Engenharia de Minas;Integral;2017;202;234,32;64;1.069;66;37
IFES;Campus Cachoeiro de Itapemirim;Educação Presencial;Bacharelado;Não se aplica;Engenharia de Minas;Integral;2018;212;254,40;40;642;42;39
IFES;Campus Cachoeiro de Itapemirim;Educação Presencial;Bacharelado;Não se aplica;Engenharia de Minas;Integral;2019;188;225,60;34;97;39;11
IFES;Campus Cachoeiro de Itapemirim;Educação Presencial;Bacharelado;Não se aplica;Engenharia de Minas;Integral;2020;154;178,64;32;187;34;10
IFES;Campus Cachoeiro de Itapemirim;Educação Presencial;Bacharelado;Não se aplica;Engenharia de Minas;Integral;2021;175;198,98;32;114;32;19
IFES;Campus Cachoeiro de Itapemirim;Educação Presencial;Bacharelado;Não se aplica;Engenharia de Minas;Integral;2022;170;193,29;32;73;26;12
IFES;Campus Cachoeiro de Itapemirim;Educação Presencial;Bacharelado;Não se aplica;Engenharia de Minas;Integral;2023;93;105,74;;;;8
IFES;Campus Cachoeiro de Itapemirim;Educação Presencial;Bacharelado;Não se aplica;Engenharia de Minas;Integral;2024;90;102,33;32;104;26;7
IFES;Campus Cachoeiro de Itapemirim;Educação Presencial;Bacharelado;Não se aplica;Engenharia de Minas;Integral;2025;99;112,56;32;49;31;12
IFES;Campus Cachoeiro de Itapemirim;Educação Presencial;Bacharelado;Não se aplica;Engenharia Mecânica;Integral;2017;149;172,84;34;601;38;3
IFES;Campus Cachoeiro de Itapemirim;Educação Presencial;Bacharelado;Não se aplica;Engenharia Mecânica;Integral;2018;171;205,20;32;468;36;7
IFES;Campus Cachoeiro de Itapemirim;Educação Presencial;Bacharelado;Não se aplica;Engenharia Mecânica;Integral;2019;165;198,00;32;98;34;15
IFES;Campus Cachoeiro de Itapemirim;Educação Presencial;Bacharelado;Não se aplica;Engenharia Mecânica;Integral;2020;161;186,76;32;326;32;3
IFES;Campus Cachoeiro de Itapemirim;Educação Presencial;Bacharelado;Não se aplica;Engenharia Mecânica;Integral;2021;180;194,04;33;192;35;11
IFES;Campus Cachoeiro de Itapemirim;Educação Presencial;Bacharelado;Não se aplica;Engenharia Mecânica;Integral;2022;189;203,74;32;227;31;23
IFES;Campus Cachoeiro de Itapemirim;Educação Presencial;Bacharelado;Não se aplica;Engenharia Mecânica;Integral;2023;135;145,53;32;185;33;21
IFES;Campus Cachoeiro de Itapemirim;Educação Presencial;Bacharelado;Não se aplica;Engenharia Mecânica;Integral;2024;136;146,61;32;112;32;6
IFES;Campus Cachoeiro de Itapemirim;Educação Presencial;Bacharelado;Não se aplica;Engenharia Mecânica;Integral;2025;127;136,91;32;58;32;12
IFES;Campus Cachoeiro de Itapemirim;Educação Presencial;Licenciatura;Não se aplica;Licenciatura em Matemática;Noturno;2017;148;159,84;42;627;44;10
IFES;Campus Cachoeiro de Itapemirim;Educação Presencial;Licenciatura;Não se aplica;Licenciatura em Matemática;Noturno;2018;173;190,30;43;447;47;23
IFES;Campus Cachoeiro de Itapemirim;Educação Presencial;Licenciatura;Não se aplica;Licenciatura em Matemática;Noturno;2019;137;150,70;41;114;43;10
IFES;Campus Cachoeiro de Itapemirim;Educação Presencial;Licenciatura;Não se aplica;Licenciatura em Matemática;Noturno;2020;145;156,60;40;295;46;5
IFES;Campus Cachoeiro de Itapemirim;Educação Presencial;Licenciatura;Não se aplica;Licenciatura em Matemática;Noturno;2021;159;161,07;40;135;35;4
IFES;Campus Cachoeiro de Itapemirim;Educação Presencial;Licenciatura;Não se aplica;Licenciatura em Matemática;Noturno;2022;177;179,30;40;158;32;23
IFES;Campus Cachoeiro de Itapemirim;Educação Presencial;Licenciatura;Não se aplica;Licenciatura em Matemática;Noturno;2023;130;130,00;40;126;35;29
IFES;Campus Cachoeiro de Itapemirim;Educação Presencial;Licenciatura;Não se aplica;Licenciatura em Matemática;Noturno;2024;112;113,46;40;91;29;6
IFES;Campus Cachoeiro de Itapemirim;Educação Presencial;Licenciatura;Não se aplica;Licenciatura em Matemática;Noturno;2025;135;136,76;40;56;41;9
IFES;Campus Cachoeiro de Itapemirim;Educação Presencial;Especialização (Lato Sensu);Não se aplica;Ensino de Ciências Naturais Com Ênfase em Química e Física;Matutino;2017;;;;;;
IFES;Campus Cachoeiro de Itapemirim;Educação Presencial;Especialização (Lato Sensu);Não se aplica;Ensino de Ciências Naturais Com Ênfase em Química e Física;Matutino;2018;;;;;;
IFES;Campus Cachoeiro de Itapemirim;Educação Presencial;Especialização (Lato Sensu);Não se aplica;Ensino de Ciências Naturais Com Ênfase em Química e Física;Matutino;2019;;;;;;
IFES;Campus Cachoeiro de Itapemirim;Educação Presencial;Especialização (Lato Sensu);Não se aplica;Ensino de Ciências Naturais Com Ênfase em Química e Física;Matutino;2020;;;;;;
IFES;Campus Cachoeiro de Itapemirim;Educação Presencial;Especialização (Lato Sensu);Não se aplica;Ensino de Ciências Naturais Com Ênfase em Química e Física;Matutino;2021;;;;;;
IFES;Campus Cachoeiro de Itapemirim;Educação Presencial;Especialização (Lato Sensu);Não se aplica;Ensino de Ciências Naturais Com Ênfase em Química e Física;Matutino;2022;;;;;;
IFES;Campus Cachoeiro de Itapemirim;Educação Presencial;Especialização (Lato Sensu);Não se aplica;Ensino de Ciências Naturais Com Ênfase em Química e Física;Matutino;2023;;;;;;
IFES;Campus Cachoeiro de Itapemirim;Educação Presencial;Especialização (Lato Sensu);Não se aplica;Ensino de Ciências Naturais Com Ênfase em Química e Física;Matutino;2024;1;1,00;;;;1
IFES;Campus Cachoeiro de Itapemirim;Educação Presencial;Especialização (Lato Sensu);Não se aplica;Ensino de Ciências Naturais Com Ênfase em Química e Física;Matutino;2025;;;;;;
IFES;Campus Cachoeiro de Itapemirim;Educação Presencial;Especialização (Lato Sensu);Não se aplica;Especialização - Desenvolvimento Educacional e Social;Matutino;2017;;;;;;
IFES;Campus Cachoeiro de Itapemirim;Educação Presencial;Especialização (Lato Sensu);Não se aplica;Especialização - Desenvolvimento Educacional e Social;Matutino;2018;;;;;;
IFES;Campus Cachoeiro de Itapemirim;Educação Presencial;Especialização (Lato Sensu);Não se aplica;Especialização - Desenvolvimento Educacional e Social;Matutino;2019;;;;;;
IFES;Campus Cachoeiro de Itapemirim;Educação Presencial;Especialização (Lato Sensu);Não se aplica;Especialização - Desenvolvimento Educacional e Social;Matutino;2020;;;;;;
IFES;Campus Cachoeiro de Itapemirim;Educação Presencial;Especialização (Lato Sensu);Não se aplica;Especialização - Desenvolvimento Educacional e Social;Matutino;2021;;;;;;
IFES;Campus Cachoeiro de Itapemirim;Educação Presencial;Especialização (Lato Sensu);Não se aplica;Especialização - Desenvolvimento Educacional e Social;Matutino;2022;21;21,00;;;;
IFES;Campus Cachoeiro de Itapemirim;Educação Presencial;Especialização (Lato Sensu);Não se aplica;Especialização - Desenvolvimento Educacional e Social;Matutino;2023;11;11,00;;;;2
IFES;Campus Cachoeiro de Itapemirim;Educação Presencial;Especialização (Lato Sensu);Não se aplica;Especialização - Desenvolvimento Educacional e Social;Matutino;2024;;;;;;
IFES;Campus Cachoeiro de Itapemirim;Educação Presencial;Especialização (Lato Sensu);Não se aplica;Especialização - Desenvolvimento Educacional e Social;Matutino;2025;;;;;;
IFES;Campus Cachoeiro de Itapemirim;Educação Presencial;Especialização (Lato Sensu);Não se aplica;Especialização - Desenvolvimento Educacional e Social;Noturno;2017;;;;;;
IFES;Campus Cachoeiro de Itapemirim;Educação Presencial;Especialização (Lato Sensu);Não se aplica;Especialização - Desenvolvimento Educacional e Social;Noturno;2018;;;;;;
IFES;Campus Cachoeiro de Itapemirim;Educação Presencial;Especialização (Lato Sensu);Não se aplica;Especialização - Desenvolvimento Educacional e Social;Noturno;2019;30;30,00;30;54;30;
IFES;Campus Cachoeiro de Itapemirim;Educação Presencial;Especialização (Lato Sensu);Não se aplica;Especialização - Desenvolvimento Educacional e Social;Noturno;2020;26;26,00;;;;20
IFES;Campus Cachoeiro de Itapemirim;Educação Presencial;Especialização (Lato Sensu);Não se aplica;Especialização - Desenvolvimento Educacional e Social;Noturno;2021;;;;;;
IFES;Campus Cachoeiro de Itapemirim;Educação Presencial;Especialização (Lato Sensu);Não se aplica;Especialização - Desenvolvimento Educacional e Social;Noturno;2022;;;;;;
IFES;Campus Cachoeiro de Itapemirim;Educação Presencial;Especialização (Lato Sensu);Não se aplica;Especialização - Desenvolvimento Educacional e Social;Noturno;2023;;;;;;
IFES;Campus Cachoeiro de Itapemirim;Educação Presencial;Especialização (Lato Sensu);Não se aplica;Especialização - Desenvolvimento Educacional e Social;Noturno;2024;;;;;;
IFES;Campus Cachoeiro de Itapemirim;Educação Presencial;Especialização (Lato Sensu);Não se aplica;Especialização - Desenvolvimento Educacional e Social;Noturno;2025;;;;;;
IFES;Campus Cachoeiro de Itapemirim;Educação Presencial;Especialização (Lato Sensu);Não se aplica;Especialização - Recursos Naturais;Noturno;2017;;;;;;
IFES;Campus Cachoeiro de Itapemirim;Educação Presencial;Especialização (Lato Sensu);Não se aplica;Especialização - Recursos Naturais;Noturno;2018;21;21,00;21;85;21;
IFES;Campus Cachoeiro de Itapemirim;Educação Presencial;Especialização (Lato Sensu);Não se aplica;Especialização - Recursos Naturais;Noturno;2019;20;20,00;;;;
IFES;Campus Cachoeiro de Itapemirim;Educação Presencial;Especialização (Lato Sensu);Não se aplica;Especialização - Recursos Naturais;Noturno;2020;19;19,00;;;;17
IFES;Campus Cachoeiro de Itapemirim;Educação Presencial;Especialização (Lato Sensu);Não se aplica;Especialização - Recursos Naturais;Noturno;2021;;;;;;
IFES;Campus Cachoeiro de Itapemirim;Educação Presencial;Especialização (Lato Sensu);Não se aplica;Especialização - Recursos Naturais;Noturno;2022;13;13,00;;;;10
IFES;Campus Cachoeiro de Itapemirim;Educação Presencial;Especialização (Lato Sensu);Não se aplica;Especialização - Recursos Naturais;Noturno;2023;;;;;;
IFES;Campus Cachoeiro de Itapemirim;Educação Presencial;Especialização (Lato Sensu);Não se aplica;Especialização - Recursos Naturais;Noturno;2024;;;;;;
IFES;Campus Cachoeiro de Itapemirim;Educação Presencial;Especialização (Lato Sensu);Não se aplica;Especialização - Recursos Naturais;Noturno;2025;;;;;;
IFES;Campus Cachoeiro de Itapemirim;Educação Presencial;Especialização (Lato Sensu);Não se aplica;Especialização (Lato Sensu) - Desenvolvimento Educacional e Social;Matutino;2017;;;;;;
IFES;Campus Cachoeiro de Itapemirim;Educação Presencial;Especialização (Lato Sensu);Não se aplica;Especialização (Lato Sensu) - Desenvolvimento Educacional e Social;Matutino;2018;;;;;;
IFES;Campus Cachoeiro de Itapemirim;Educação Presencial;Especialização (Lato Sensu);Não se aplica;Especialização (Lato Sensu) - Desenvolvimento Educacional e Social;Matutino;2019;;;;;;
IFES;Campus Cachoeiro de Itapemirim;Educação Presencial;Especialização (Lato Sensu);Não se aplica;Especialização (Lato Sensu) - Desenvolvimento Educacional e Social;Matutino;2020;;;;;;
IFES;Campus Cachoeiro de Itapemirim;Educação Presencial;Especialização (Lato Sensu);Não se aplica;Especialização (Lato Sensu) - Desenvolvimento Educacional e Social;Matutino;2021;21;21,00;30;27;21;
IFES;Campus Cachoeiro de Itapemirim;Educação Presencial;Especialização (Lato Sensu);Não se aplica;Especialização (Lato Sensu) - Desenvolvimento Educacional e Social;Matutino;2022;;;;;;
IFES;Campus Cachoeiro de Itapemirim;Educação Presencial;Especialização (Lato Sensu);Não se aplica;Especialização (Lato Sensu) - Desenvolvimento Educacional e Social;Matutino;2023;;;;;;
IFES;Campus Cachoeiro de Itapemirim;Educação Presencial;Especialização (Lato Sensu);Não se aplica;Especialização (Lato Sensu) - Desenvolvimento Educacional e Social;Matutino;2024;;;;;;
IFES;Campus Cachoeiro de Itapemirim;Educação Presencial;Especialização (Lato Sensu);Não se aplica;Especialização (Lato Sensu) - Desenvolvimento Educacional e Social;Matutino;2025;;;;;;
IFES;Campus Cachoeiro de Itapemirim;Educação Presencial;Especialização (Lato Sensu);Não se aplica;Especialização (Lato Sensu) - Recursos Naturais;Noturno;2017;;;;;;
IFES;Campus Cachoeiro de Itapemirim;Educação Presencial;Especialização (Lato Sensu);Não se aplica;Especialização (Lato Sensu) - Recursos Naturais;Noturno;2018;;;;;;
IFES;Campus Cachoeiro de Itapemirim;Educação Presencial;Especialização (Lato Sensu);Não se aplica;Especialização (Lato Sensu) - Recursos Naturais;Noturno;2019;;;;;;
IFES;Campus Cachoeiro de Itapemirim;Educação Presencial;Especialização (Lato Sensu);Não se aplica;Especialização (Lato Sensu) - Recursos Naturais;Noturno;2020;;;;;;
IFES;Campus Cachoeiro de Itapemirim;Educação Presencial;Especialização (Lato Sensu);Não se aplica;Especialização (Lato Sensu) - Recursos Naturais;Noturno;2021;22;22,00;20;29;20;
IFES;Campus Cachoeiro de Itapemirim;Educação Presencial;Especialização (Lato Sensu);Não se aplica;Especialização (Lato Sensu) - Recursos Naturais;Noturno;2022;;;;;;
IFES;Campus Cachoeiro de Itapemirim;Educação Presencial;Especialização (Lato Sensu);Não se aplica;Especialização (Lato Sensu) - Recursos Naturais;Noturno;2023;;;;;;
IFES;Campus Cachoeiro de Itapemirim;Educação Presencial;Especialização (Lato Sensu);Não se aplica;Especialização (Lato Sensu) - Recursos Naturais;Noturno;2024;;;;;;
IFES;Campus Cachoeiro de Itapemirim;Educação Presencial;Especialização (Lato Sensu);Não se aplica;Especialização (Lato Sensu) - Recursos Naturais;Noturno;2025;;;;;;
IFES;Campus Cachoeiro de Itapemirim;Educação Presencial;Especialização (Lato Sensu);Não se aplica;Tecnologias de Produção de Rochas Ornamentais;Noturno;2017;;;;;;
IFES;Campus Cachoeiro de Itapemirim;Educação Presencial;Especialização (Lato Sensu);Não se aplica;Tecnologias de Produção de Rochas Ornamentais;Noturno;2018;;;;;;
IFES;Campus Cachoeiro de Itapemirim;Educação Presencial;Especialização (Lato Sensu);Não se aplica;Tecnologias de Produção de Rochas Ornamentais;Noturno;2019;;;;;;
IFES;Campus Cachoeiro de Itapemirim;Educação Presencial;Especialização (Lato Sensu);Não se aplica;Tecnologias de Produção de Rochas Ornamentais;Noturno;2020;;;;;;
IFES;Campus Cachoeiro de Itapemirim;Educação Presencial;Especialização (Lato Sensu);Não se aplica;Tecnologias de Produção de Rochas Ornamentais;Noturno;2021;;;;;;
IFES;Campus Cachoeiro de Itapemirim;Educação Presencial;Especialização (Lato Sensu);Não se aplica;Tecnologias de Produção de Rochas Ornamentais;Noturno;2022;;;;;;
IFES;Campus Cachoeiro de Itapemirim;Educação Presencial;Especialização (Lato Sensu);Não se aplica;Tecnologias de Produção de Rochas Ornamentais;Noturno;2023;;;;;;
IFES;Campus Cachoeiro de Itapemirim;Educação Presencial;Especialização (Lato Sensu);Não se aplica;Tecnologias de Produção de Rochas Ornamentais;Noturno;2024;30;30,00;30;63;30;
IFES;Campus Cachoeiro de Itapemirim;Educação Presencial;Especialização (Lato Sensu);Não se aplica;Tecnologias de Produção de Rochas Ornamentais;Noturno;2025;29;29,00;;;;
