TIPO DE CURSO;EIXO TECNOLÓGICO;CURSO;FEC
Educação Infantil;Propedêutico;Propedêutico - Educação Infantil-Pré-escola;2,000
Ensino Fundamental I;Propedêutico;Propedêutico - Ensino Fundamental- Anos Iniciais;1,500
Ensino Fundamental II;Propedêutico;Propedêutico - Ensino Fundamental-Anos finais;1,067
Ensino Médio;Propedêutico;Propedêutico - Ensino Médio;1,067
Qualificação Profissional;TODOS;TODOS;1,100
Técnico;Ambiente e Saúde;TÉCNICO EM AGENTE COMUNITÁRIO DE SAÚDE;1,017
Técnico;Ambiente e Saúde;TÉCNICO EM ANÁLISES CLÍNICAS;1,500
Técnico;Ambiente e Saúde;TÉCNICO EM BIOTECNOLOGIA;1,053
Técnico;Ambiente e Saúde;TÉCNICO EM CITOPATOLOGIA;1,200
Técnico;Ambiente e Saúde;TÉCNICO EM CONTROLE AMBIENTAL;1,049
Técnico;Ambiente e Saúde;TÉCNICO EM CUIDADOS DE IDOSOS;1,098
Técnico;Ambiente e Saúde;TÉCNICO EM ENFERMAGEM;1,500
Técnico;Ambiente e Saúde;TÉCNICO EM EQUIPAMENTOS BIOMÉDICOS;1,117
Técnico;Ambiente e Saúde;TÉCNICO EM ESTÉTICA;1,333
Técnico;Ambiente e Saúde;TÉCNICO EM FARMÁCIA;1,097
Técnico;Ambiente e Saúde;TÉCNICO EM GERÊNCIA DE SAÚDE;1,000
Técnico;Ambiente e Saúde;TÉCNICO EM HEMOTERAPIA;1,200
Técnico;Ambiente e Saúde;TÉCNICO EM IMAGEM PESSOAL;1,200
Técnico;Ambiente e Saúde;TÉCNICO EM IMOBILIZAÇÕES ORTOPÉDICAS;1,300
Técnico;Ambiente e Saúde;TÉCNICO EM MASSOTERAPIA;1,500
Técnico;Ambiente e Saúde;TÉCNICO EM MEIO AMBIENTE;1,020
Técnico;Ambiente e Saúde;TÉCNICO EM METEOROLOGIA;1,000
Técnico;Ambiente e Saúde;TÉCNICO EM NECROPSIA;1,200
Técnico;Ambiente e Saúde;TÉCNICO EM NUTRIÇÃO E DIETÉTICA;1,266
Técnico;Ambiente e Saúde;TÉCNICO EM ÓPTICA;1,100
Técnico;Ambiente e Saúde;TÉCNICO EM ÓRTESES E PRÓTESES;1,100
Técnico;Ambiente e Saúde;TÉCNICO EM PODOLOGIA;1,100
Técnico;Ambiente e Saúde;TÉCNICO EM PRÓTESE DENTÁRIA;1,500
Técnico;Ambiente e Saúde;TÉCNICO EM RADIOLOGIA;1,100
Técnico;Ambiente e Saúde;TÉCNICO EM REABILITAÇÃO DE DEPENDENTES QUÍMICOS;1,200
Técnico;Ambiente e Saúde;TÉCNICO EM RECICLAGEM;1,000
Técnico;Ambiente e Saúde;TÉCNICO EM REGISTROS E INFORMAÇÕES EM SAÚDE;1,500
Técnico;Ambiente e Saúde;TÉCNICO EM SAÚDE BUCAL;1,500
Técnico;Ambiente e Saúde;TÉCNICO EM VIGILÂNCIA EM SAÚDE;1,151
Técnico;Controle e Processos Industriais;TÉCNICO EM AUTOMAÇÃO INDUSTRIAL;1,183
Técnico;Controle e Processos Industriais;TÉCNICO EM ELETROELETRÔNICA;1,148
Técnico;Controle e Processos Industriais;TÉCNICO EM ELETROMECÂNICA;1,146
Técnico;Controle e Processos Industriais;TÉCNICO EM ELETRÔNICA;1,164
Técnico;Controle e Processos Industriais;TÉCNICO EM ELETROTÉCNICA;1,120
Técnico;Controle e Processos Industriais;TÉCNICO EM MANUTENÇÃO AUTOMOTIVA;1,352
Técnico;Controle e Processos Industriais;TÉCNICO EM MANUTENÇÃO DE AERONAVES EM AVIÔNICOS;1,352
Técnico;Controle e Processos Industriais;TÉCNICO EM MANUTENÇÃO DE AERONAVES EM CÉLULA;1,352
Técnico;Controle e Processos Industriais;TÉCNICO EM MANUTENÇÃO DE AERONAVES EM GRUPO MOTOPROPULSOR;1,270
Técnico;Controle e Processos Industriais;TÉCNICO EM MANUTENÇÃO DE MÁQUINAS INDUSTRIAIS;1,270
Técnico;Controle e Processos Industriais;TÉCNICO EM MANUTENÇÃO DE MÁQUINAS NAVAIS;1,270
Técnico;Controle e Processos Industriais;TÉCNICO EM MANUTENÇÃO DE SISTEMAS METROFERROVIÁRIOS;1,352
Técnico;Controle e Processos Industriais;TÉCNICO EM MANUTENÇÃO EM MÁQUINAS PESADAS;1,352
Técnico;Controle e Processos Industriais;TÉCNICO EM MANUTENÇÃO METROFERROVIÁRIA;1,270
Técnico;Controle e Processos Industriais;TÉCNICO EM MÁQUINAS NAVAIS;1,270
Técnico;Controle e Processos Industriais;TÉCNICO EM MECÂNICA;1,247
Técnico;Controle e Processos Industriais;TÉCNICO EM MECÂNICA DE PRECISÃO;1,270
Técnico;Controle e Processos Industriais;TÉCNICO EM MECATRÔNICA;1,247
Técnico;Controle e Processos Industriais;TÉCNICO EM METALURGIA;1,081
Técnico;Controle e Processos Industriais;TÉCNICO EM METROLOGIA;1,270
Técnico;Controle e Processos Industriais;TÉCNICO EM PROCESSAMENTO DA MADEIRA;1,270
Técnico;Controle e Processos Industriais;TÉCNICO EM REFRIGERAÇÃO E CLIMATIZAÇÃO;1,105
Técnico;Controle e Processos Industriais;TÉCNICO EM SISTEMAS A GÁS;1,270
Técnico;Controle e Processos Industriais;TÉCNICO EM SISTEMAS DE ENERGIA RENOVÁVEL;1,029
Técnico;Controle e Processos Industriais;TÉCNICO EM SOLDAGEM;1,270
Técnico;Desenvolvimento Educacional e Social;TÉCNICO EM ALIMENTAÇÃO ESCOLAR;1,000
Técnico;Desenvolvimento Educacional e Social;TÉCNICO EM BIBLIOTECA;1,000
Técnico;Desenvolvimento Educacional e Social;TÉCNICO EM BIBLIOTECONOMIA;1,000
Técnico;Desenvolvimento Educacional e Social;TÉCNICO EM INFRAESTRUTURA ESCOLAR;1,000
Técnico;Desenvolvimento Educacional e Social;TÉCNICO EM LABORATÓRIO DE CIÊNCIAS DA NATUREZA;1,050
Técnico;Desenvolvimento Educacional e Social;TÉCNICO EM LUDOTECA;1,000
Técnico;Desenvolvimento Educacional e Social;TÉCNICO EM MATERIAIS DIDÁTICOS BILÍNGUE (LIBRAS/PORTUGUÊS);1,300
Técnico;Desenvolvimento Educacional e Social;TÉCNICO EM MULTIMEIOS DIDÁTICOS;1,000
Técnico;Desenvolvimento Educacional e Social;TÉCNICO EM ORIENTAÇÃO COMUNITÁRIA;1,000
Técnico;Desenvolvimento Educacional e Social;TÉCNICO EM PRODUÇÃO DE MATERIAIS DIDÁTICOS BILÍNGUES EM LIBRAS/LÍNGUA PORTUGUESA;1,000
Técnico;Desenvolvimento Educacional e Social;TÉCNICO EM SECRETARIA ESCOLAR;1,000
Técnico;Desenvolvimento Educacional e Social;TÉCNICO EM TRADUÇÃO E INTERPRETAÇÃO DE LIBRAS;1,009
Técnico;Desenvolvimento Educacional e Social;TÉCNICO EM TREINAMENTO DE CÃES-GUIA;1,300
Técnico;Desenvolvimento Educacional e Social;TÉCNICO EM TREINAMENTO E INSTRUÇÃO DE CÃES-GUIAS;1,300
Técnico;Gestão e Negócios;TÉCNICO EM ADMINISTRAÇÃO;1,008
Técnico;Gestão e Negócios;TÉCNICO EM COMÉRCIO;1,008
Técnico;Gestão e Negócios;TÉCNICO EM COMÉRCIO EXTERIOR;1,000
Técnico;Gestão e Negócios;TÉCNICO EM CONDOMÍNIO;1,000
Técnico;Gestão e Negócios;TÉCNICO EM CONTABILIDADE;1,000
Técnico;Gestão e Negócios;TÉCNICO EM COOPERATIVISMO;1,000
Técnico;Gestão e Negócios;TÉCNICO EM FINANÇAS;1,000
Técnico;Gestão e Negócios;TÉCNICO EM LOGÍSTICA;1,005
Técnico;Gestão e Negócios;TÉCNICO EM MARKETING;1,000
Técnico;Gestão e Negócios;TÉCNICO EM QUALIDADE;1,002
Técnico;Gestão e Negócios;TÉCNICO EM RECURSOS HUMANOS;1,000
Técnico;Gestão e Negócios;TÉCNICO EM SECRETARIADO;1,014
Técnico;Gestão e Negócios;TÉCNICO EM SEGUROS;1,000
Técnico;Gestão e Negócios;TÉCNICO EM SERVIÇOS DE CONDOMÍNIO;1,000
Técnico;Gestão e Negócios;TÉCNICO EM SERVIÇOS JURÍDICOS;1,003
Técnico;Gestão e Negócios;TÉCNICO EM SERVIÇOS PÚBLICOS;1,003
Técnico;Gestão e Negócios;TÉCNICO EM TRANSAÇÕES IMOBILIÁRIAS;1,000
Técnico;Gestão e Negócios;TÉCNICO EM VENDAS;1,000
Técnico;Informação e Comunicação;TÉCNICO EM COMPUTAÇÃO GRÁFICA;1,194
Técnico;Informação e Comunicação;TÉCNICO EM DESENVOLVIMENTO DE SISTEMAS;1,050
Técnico;Informação e Comunicação;TÉCNICO EM INFORMÁTICA;1,053
Técnico;Informação e Comunicação;TÉCNICO EM INFORMÁTICA PARA INTERNET;1,028
Técnico;Informação e Comunicação;TÉCNICO EM MANUTENÇÃO E SUPORTE EM INFORMÁTICA;1,028
Técnico;Informação e Comunicação;TÉCNICO EM PROGRAMAÇÃO DE JOGOS DIGITAIS;1,000
Técnico;Informação e Comunicação;TÉCNICO EM REDES DE COMPUTADORES;1,032
Técnico;Informação e Comunicação;TÉCNICO EM SISTEMAS DE COMPUTAÇÃO;1,250
Técnico;Informação e Comunicação;TÉCNICO EM SISTEMAS DE TRANSMISSÃO;1,250
Técnico;Informação e Comunicação;TÉCNICO EM TELECOMUNICAÇÕES;1,083
Técnico;Infraestrutura;TÉCNICO AEROPORTUÁRIO;1,100
Técnico;Infraestrutura;TÉCNICO EM AGRIMENSURA;1,043
Técnico;Infraestrutura;TÉCNICO EM CARPINTARIA;1,300
Técnico;Infraestrutura;TÉCNICO EM DESENHO DE CONSTRUÇÃO CIVIL;1,066
Técnico;Infraestrutura;TÉCNICO EM EDIFICAÇÕES;1,068
Técnico;Infraestrutura;TÉCNICO EM ESTRADAS;1,010
Técnico;Infraestrutura;TÉCNICO EM GEODÉSIA E CARTOGRAFIA;1,000
Técnico;Infraestrutura;TÉCNICO EM GEOPROCESSAMENTO;1,213
Técnico;Infraestrutura;TÉCNICO EM HIDROLOGIA;1,200
Técnico;Infraestrutura;TÉCNICO EM PORTOS;1,017
Técnico;Infraestrutura;TÉCNICO EM SANEAMENTO;1,022
Técnico;Infraestrutura;TÉCNICO EM TRÂNSITO;1,000
Técnico;Infraestrutura;TÉCNICO EM TRANSPORTE AQUAVIÁRIO;1,000
Técnico;Infraestrutura;TÉCNICO EM TRANSPORTE DE CARGAS;1,075
Técnico;Infraestrutura;TÉCNICO EM TRANSPORTE DUTOVIÁRIO;1,100
Técnico;Infraestrutura;TÉCNICO EM TRANSPORTE METROFERROVIÁRIO;1,100
Técnico;Infraestrutura;TÉCNICO EM TRANSPORTE RODOVIÁRIO;1,131
Técnico;Militar;TÉCNICO EM AÇÕES DE COMANDOS;1,000
Técnico;Militar;TÉCNICO EM ARMAMENTO DE AERONAVES;1,000
Técnico;Militar;TÉCNICO EM ARTILHARIA;1,000
Técnico;Militar;TÉCNICO EM ARTILHARIA ANTIAÉREA;1,000
Técnico;Militar;TÉCNICO EM BOMBEIRO AERONÁUTICO;1,000
Técnico;Militar;TÉCNICO EM CAVALARIA;1,000
Técnico;Militar;TÉCNICO EM COMBATE A INCÊNDIO, RESGATE E PREVENÇÃO DE ACIDENTES DE AVIAÇÃO;1,000
Técnico;Militar;TÉCNICO EM COMUNICAÇÕES AERONÁUTICAS;1,000
Técnico;Militar;TÉCNICO EM COMUNICAÇÕES NAVAIS;1,000
Técnico;Militar;TÉCNICO EM CONTROLE DE TRÁFEGO AÉREO;1,000
Técnico;Militar;TÉCNICO EM DESENHO MILITAR;1,000
Técnico;Militar;TÉCNICO EM ELETRICIDADE E INSTRUMENTOS AERONÁUTICOS;1,000
Técnico;Militar;TÉCNICO EM EQUIPAMENTO DE ENGENHARIA;1,000
Técnico;Militar;TÉCNICO EM EQUIPAMENTOS DE VOO;1,000
Técnico;Militar;TÉCNICO EM ESTRUTURA E PINTURA DE AERONAVES;1,000
Técnico;Militar;TÉCNICO EM FORÇAS ESPECIAIS;1,000
Técnico;Militar;TÉCNICO EM FOTOINTELIGÊNCIA;1,000
Técnico;Militar;TÉCNICO EM GUARDA E SEGURANÇA;1,000
Técnico;Militar;TÉCNICO EM HIDROGRAFIA;1,000
Técnico;Militar;TÉCNICO EM INFANTARIA;1,000
Técnico;Militar;TÉCNICO EM INFORMAÇÕES AERONÁUTICAS;1,000
Técnico;Militar;TÉCNICO EM MANOBRAS E EQUIPAMENTOS DE CONVÉS;1,000
Técnico;Militar;TÉCNICO EM MATERIAL BÉLICO;1,000
Técnico;Militar;TÉCNICO EM MECÂNICA DE AERONAVES;1,000
Técnico;Militar;TÉCNICO EM MERGULHO;1,000
Técnico;Militar;TÉCNICO EM MONTANHISMO;1,000
Técnico;Militar;TÉCNICO EM NAVEGAÇÃO FLUVIAL;1,000
Técnico;Militar;TÉCNICO EM OPERAÇÃO DE RADAR;1,000
Técnico;Militar;TÉCNICO EM OPERAÇÃO DE SONAR;1,000
Técnico;Militar;TÉCNICO EM OPERAÇÕES DE ENGENHARIA MILITAR;1,000
Técnico;Militar;TÉCNICO EM PREPARAÇÃO FÍSICA E DESPORTIVA MILITAR;1,000
Técnico;Militar;TÉCNICO EM SENSORES DE AVIAÇÃO;1,000
Técnico;Militar;TÉCNICO EM SINAIS NAVAIS;1,000
Técnico;Militar;TÉCNICO EM SINALIZAÇÃO NÁUTICA;1,000
Técnico;Militar;TÉCNICO EM SUPRIMENTO;1,000
Técnico;Produção Alimentícia;TÉCNICO EM AGROINDÚSTRIA;1,034
Técnico;Produção Alimentícia;TÉCNICO EM ALIMENTOS;1,094
Técnico;Produção Alimentícia;TÉCNICO EM APICULTURA;1,150
Técnico;Produção Alimentícia;TÉCNICO EM CERVEJARIA;1,299
Técnico;Produção Alimentícia;TÉCNICO EM CONFEITARIA;1,247
Técnico;Produção Alimentícia;TÉCNICO EM PANIFICAÇÃO;1,104
Técnico;Produção Alimentícia;TÉCNICO EM PROCESSAMENTO DE PESCADO;1,150
Técnico;Produção Alimentícia;TÉCNICO EM VITICULTURA E ENOLOGIA;1,000
Técnico;Produção Cultural e Design;TÉCNICO DE MODA E ESTILISMO;1,300
Técnico;Produção Cultural e Design;TÉCNICO EM ARTE CIRCENSE;1,300
Técnico;Produção Cultural e Design;TÉCNICO EM ARTE DRAMÁTICA;1,300
Técnico;Produção Cultural e Design;TÉCNICO EM ARTES CIRCENSES;1,300
Técnico;Produção Cultural e Design;TÉCNICO EM ARTES VISUAIS;1,150
Técnico;Produção Cultural e Design;TÉCNICO EM ARTESANATO;1,057
Técnico;Produção Cultural e Design;TÉCNICO EM CANTO;1,500
Técnico;Produção Cultural e Design;TÉCNICO EM CENOGRAFIA;1,000
Técnico;Produção Cultural e Design;TÉCNICO EM COMPOSIÇÃO E ARRANJO;1,250
Técnico;Produção Cultural e Design;TÉCNICO EM COMUNICAÇÃO VISUAL;1,089
Técnico;Produção Cultural e Design;TÉCNICO EM CONSERVAÇÃO E RESTAURO;1,150
Técnico;Produção Cultural e Design;TÉCNICO EM DANÇA;1,480
Técnico;Produção Cultural e Design;TÉCNICO EM DESIGN DE CALÇADOS;1,200
Técnico;Produção Cultural e Design;TÉCNICO EM DESIGN DE EMBALAGENS;1,200
Técnico;Produção Cultural e Design;TÉCNICO EM DESIGN DE INTERIORES;1,182
Técnico;Produção Cultural e Design;TÉCNICO EM DESIGN DE JOIAS;1,200
Técnico;Produção Cultural e Design;TÉCNICO EM DESIGN DE MÓVEIS;1,008
Técnico;Produção Cultural e Design;TÉCNICO EM DOCUMENTAÇÃO MUSICAL;1,200
Técnico;Produção Cultural e Design;TÉCNICO EM FABRICAÇÃO DE INSTRUMENTOS MUSICAIS;1,250
Técnico;Produção Cultural e Design;TÉCNICO EM FIGURINO CÊNICO;1,000
Técnico;Produção Cultural e Design;TÉCNICO EM GESTÃO CULTURAL;1,100
Técnico;Produção Cultural e Design;TÉCNICO EM INSTRUMENTO MUSICAL;1,500
Técnico;Produção Cultural e Design;TÉCNICO EM MODELAGEM DO VESTUÁRIO;1,060
Técnico;Produção Cultural e Design;TÉCNICO EM MULTIMÍDIA;1,028
Técnico;Produção Cultural e Design;TÉCNICO EM MUSEOLOGIA;1,100
Técnico;Produção Cultural e Design;TÉCNICO EM PAISAGISMO;1,000
Técnico;Produção Cultural e Design;TÉCNICO EM PROCESSOS FONOGRÁFICOS;1,259
Técnico;Produção Cultural e Design;TÉCNICO EM PROCESSOS FOTOGRÁFICOS;1,150
Técnico;Produção Cultural e Design;TÉCNICO EM PRODUÇÃO DE ÁUDIO E VÍDEO;1,500
Técnico;Produção Cultural e Design;TÉCNICO EM PRODUÇÃO DE MODA;1,082
Técnico;Produção Cultural e Design;TÉCNICO EM PUBLICIDADE;1,100
Técnico;Produção Cultural e Design;TÉCNICO EM RÁDIO E TELEVISÃO;1,300
Técnico;Produção Cultural e Design;TÉCNICO EM REGÊNCIA;1,500
Técnico;Produção Cultural e Design;TÉCNICO EM TEATRO;1,083
Técnico;Produção Industrial;TÉCNICO EM AÇÚCAR E ÁLCOOL;1,175
Técnico;Produção Industrial;TÉCNICO EM ANÁLISES QUÍMICAS;1,197
Técnico;Produção Industrial;TÉCNICO EM BIOCOMBUSTÍVEIS;1,000
Técnico;Produção Industrial;TÉCNICO EM CALÇADOS;1,270
Técnico;Produção Industrial;TÉCNICO EM CELULOSE E PAPEL;1,270
Técnico;Produção Industrial;TÉCNICO EM CERÂMICA;1,270
Técnico;Produção Industrial;TÉCNICO EM CONSTRUÇÃO NAVAL;1,135
Técnico;Produção Industrial;TÉCNICO EM CURTIMENTO;1,270
Técnico;Produção Industrial;TÉCNICO EM FABRICAÇÃO MECÂNICA;1,214
Técnico;Produção Industrial;TÉCNICO EM IMPRESSÃO OFFSET;1,270
Técnico;Produção Industrial;TÉCNICO EM IMPRESSÃO ROTOGRÁFICA E FLEXOGRÁFICA;1,270
Técnico;Produção Industrial;TÉCNICO EM JOALHERIA;1,270
Técnico;Produção Industrial;TÉCNICO EM MÓVEIS;1,000
Técnico;Produção Industrial;TÉCNICO EM PETRÓLEO E GÁS;1,030
Técnico;Produção Industrial;TÉCNICO EM PETROQUÍMICA;1,076
Técnico;Produção Industrial;TÉCNICO EM PLÁSTICOS;1,025
Técnico;Produção Industrial;TÉCNICO EM PRÉ-IMPRESSÃO GRÁFICA;1,270
Técnico;Produção Industrial;TÉCNICO EM PROCESSOS GRÁFICOS;1,270
Técnico;Produção Industrial;TÉCNICO EM QUÍMICA;1,109
Técnico;Produção Industrial;TÉCNICO EM TÊXTIL;1,270
Técnico;Produção Industrial;TÉCNICO EM VESTUÁRIO;1,018
Técnico;Recursos Naturais;TÉCNICO EM AGRICULTURA;1,000
Técnico;Recursos Naturais;TÉCNICO EM AGROECOLOGIA;1,004
Técnico;Recursos Naturais;TÉCNICO EM AGRONEGÓCIO;1,016
Técnico;Recursos Naturais;TÉCNICO EM AGROPECUÁRIA;1,018
Técnico;Recursos Naturais;TÉCNICO EM AQUICULTURA;1,010
Técnico;Recursos Naturais;TÉCNICO EM CAFEICULTURA;1,253
Técnico;Recursos Naturais;TÉCNICO EM EQUIPAMENTOS PESQUEIROS;1,200
Técnico;Recursos Naturais;TÉCNICO EM FLORESTAS;1,000
Técnico;Recursos Naturais;TÉCNICO EM FRUTICULTURA;1,188
Técnico;Recursos Naturais;TÉCNICO EM GEOLOGIA;1,000
Técnico;Recursos Naturais;TÉCNICO EM GRÃOS;1,200
Técnico;Recursos Naturais;TÉCNICO EM MINERAÇÃO;1,073
Técnico;Recursos Naturais;TÉCNICO EM PESCA;1,000
Técnico;Recursos Naturais;TÉCNICO EM PÓS-COLHEITA;1,066
Técnico;Recursos Naturais;TÉCNICO EM RECURSOS MINERAIS;1,200
Técnico;Recursos Naturais;TÉCNICO EM RECURSOS PESQUEIROS;1,000
Técnico;Recursos Naturais;TÉCNICO EM ZOOTECNIA;1,080
Técnico;Segurança;TÉCNICO EM DEFESA CIVIL;1,000
Técnico;Segurança;TÉCNICO EM SEGURANÇA DO TRABALHO;1,012
Técnico;Turismo, Hospitalidade e Lazer;TÉCNICO EM AGENCIAMENTO DE VIAGEM;1,000
Técnico;Turismo, Hospitalidade e Lazer;TÉCNICO EM COZINHA;1,095
Técnico;Turismo, Hospitalidade e Lazer;TÉCNICO EM EVENTOS;1,006
Técnico;Turismo, Hospitalidade e Lazer;TÉCNICO EM GASTRONOMIA;1,200
Técnico;Turismo, Hospitalidade e Lazer;TÉCNICO EM GUIA DE TURISMO;1,016
Técnico;Turismo, Hospitalidade e Lazer;TÉCNICO EM HOSPEDAGEM;1,019
Técnico;Turismo, Hospitalidade e Lazer;TÉCNICO EM LAZER;1,113
Técnico;Turismo, Hospitalidade e Lazer;TÉCNICO EM RESTAURANTE E BAR;1,058
Técnico;Turismo, Hospitalidade e Lazer;TÉCNICO EM SERVIÇOS DE RESTAURANTE E BAR;1,200
Especialização Profissional Técnica;TODOS;TODOS;1,000
Tecnologia;Ambiente e Saúde;ESTÉTICA E COSMÉTICA;1,500
Tecnologia;Ambiente e Saúde;GESTÃO AMBIENTAL;1,000
Tecnologia;Ambiente e Saúde;GESTÃO DE RESÍDUOS SÓLIDOS;1,200
Tecnologia;Ambiente e Saúde;GESTÃO HOSPITALAR;1,180
Tecnologia;Ambiente e Saúde;OFTÁLMICA;1,200
Tecnologia;Ambiente e Saúde;RADIOLOGIA;1,000
Tecnologia;Ambiente e Saúde;SANEAMENTO AMBIENTAL;1,006
Tecnologia;Ambiente e Saúde;SISTEMAS BIOMÉDICOS;1,200
Tecnologia;Controle e Processos Industriais;AUTOMAÇÃO INDUSTRIAL;1,143
Tecnologia;Controle e Processos Industriais;ELETRÔNICA INDUSTRIAL;1,154
Tecnologia;Controle e Processos Industriais;ELETROTÉCNICA INDUSTRIAL;1,000
Tecnologia;Controle e Processos Industriais;GESTÃO DA PRODUÇÃO INDUSTRIAL;1,360
Tecnologia;Controle e Processos Industriais;MANUTENÇÃO DE AERONAVES;1,088
Tecnologia;Controle e Processos Industriais;MANUTENÇÃO INDUSTRIAL;1,000
Tecnologia;Controle e Processos Industriais;MECÂNICA DE PRECISÃO;1,230
Tecnologia;Controle e Processos Industriais;MECATRÔNICA INDUSTRIAL;1,500
Tecnologia;Controle e Processos Industriais;PROCESSOS AMBIENTAIS;1,230
Tecnologia;Controle e Processos Industriais;PROCESSOS METALÚRGICOS;1,000
Tecnologia;Controle e Processos Industriais;REFRIGERAÇÃO E CLIMATIZAÇÃO;1,270
Tecnologia;Controle e Processos Industriais;SISTEMAS DE ENERGIA;1,031
Tecnologia;Controle e Processos Industriais;SISTEMAS ELÉTRICOS;1,031
Tecnologia;Controle e Processos Industriais;SISTEMAS ELETRÔNICOS;1,230
Tecnologia;Desenvolvimento Educacional e Social;DESENVOLVIMENTO SOCIAL;1,000
Tecnologia;Desenvolvimento Educacional e Social;PROCESSOS ESCOLARES;1,000
Tecnologia;Gestão e Negócios;COMÉRCIO EXTERIOR;1,000
Tecnologia;Gestão e Negócios;GESTÃO COMERCIAL;1,000
Tecnologia;Gestão e Negócios;GESTÃO DA QUALIDADE;1,000
Tecnologia;Gestão e Negócios;GESTÃO DE COOPERATIVAS;1,000
Tecnologia;Gestão e Negócios;GESTÃO DE RECURSOS HUMANOS;1,000
Tecnologia;Gestão e Negócios;GESTÃO EMPREENDEDORA;1,000
Tecnologia;Gestão e Negócios;GESTÃO FINANCEIRA;1,000
Tecnologia;Gestão e Negócios;GESTÃO PÚBLICA;1,000
Tecnologia;Gestão e Negócios;LOGÍSTICA;1,000
Tecnologia;Gestão e Negócios;MARKETING;1,000
Tecnologia;Gestão e Negócios;NEGÓCIOS IMOBILIÁRIOS;1,000
Tecnologia;Gestão e Negócios;PROCESSOS GERENCIAIS;1,017
Tecnologia;Gestão e Negócios;SECRETARIADO;1,000
Tecnologia;Informação e Comunicação;ANÁLISE E DESENVOLVIMENTO DE SISTEMAS;1,030
Tecnologia;Informação e Comunicação;BANCO DE DADOS;1,250
Tecnologia;Informação e Comunicação;GESTÃO DA TECNOLOGIA DA INFORMAÇÃO;1,000
Tecnologia;Informação e Comunicação;GESTÃO DE TELECOMUNICAÇÕES;1,250
Tecnologia;Informação e Comunicação;JOGOS DIGITAIS;1,000
Tecnologia;Informação e Comunicação;REDES DE COMPUTADORES;1,076
Tecnologia;Informação e Comunicação;REDES DE TELECOMUNICAÇÕES;1,250
Tecnologia;Informação e Comunicação;SEGURANÇA DA INFORMAÇÃO;1,250
Tecnologia;Informação e Comunicação;SISTEMAS DE TELECOMUNICAÇÕES;1,031
Tecnologia;Informação e Comunicação;SISTEMAS PARA INTERNET;1,076
Tecnologia;Informação e Comunicação;TELEMÁTICA;1,076
Tecnologia;Infraestrutura;AGRIMENSURA;1,200
Tecnologia;Infraestrutura;CONSTRUÇÃO DE EDIFÍCIOS;1,005
Tecnologia;Infraestrutura;CONTROLE DE OBRAS;1,005
Tecnologia;Infraestrutura;ESTRADAS;1,032
Tecnologia;Infraestrutura;GEOPROCESSAMENTO;1,032
Tecnologia;Infraestrutura;GESTÃO PORTUÁRIA;1,100
Tecnologia;Infraestrutura;MATERIAL DE CONSTRUÇÃO;1,000
Tecnologia;Infraestrutura;OBRAS HIDRÁULICAS;1,200
Tecnologia;Infraestrutura;PILOTAGEM PROFISSIONAL DE AERONAVES;1,300
Tecnologia;Infraestrutura;SISTEMAS DE NAVEGAÇÃO FLUVIAL;1,100
Tecnologia;Infraestrutura;TRANSPORTE AÉREO;1,100
Tecnologia;Infraestrutura;TRANSPORTE TERRESTRE;1,100
Tecnologia;Militar;COMUNICAÇÕES AERONÁUTICAS;1,000
Tecnologia;Militar;FOTOINTELIGÊNCIA;1,000
Tecnologia;Militar;GERENCIAMENTO DE TRÁFEGO AÉREO;1,000
Tecnologia;Militar;GESTÃO E MANUTENÇÃO AERONÁUTICA;1,000
Tecnologia;Militar;METEOROLOGIA AERONÁUTICA;1,000
Tecnologia;Militar;SISTEMAS DE ARMAS;1,000
Tecnologia;Produção Alimentícia;AGROINDÚSTRIA;1,000
Tecnologia;Produção Alimentícia;ALIMENTOS;1,049
Tecnologia;Produção Alimentícia;LATICÍNIOS;1,049
Tecnologia;Produção Alimentícia;PROCESSAMENTO DE CARNES;1,150
Tecnologia;Produção Alimentícia;PRODUÇÃO DE CACHAÇA;1,000
Tecnologia;Produção Alimentícia;VITICULTURA E ENOLOGIA;1,017
Tecnologia;Produção Cultural e Design;COMUNICAÇÃO ASSISTIVA;1,300
Tecnologia;Produção Cultural e Design;COMUNICAÇÃO INSTITUCIONAL;1,000
Tecnologia;Produção Cultural e Design;CONSERVAÇÃO E RESTAURO;1,150
Tecnologia;Produção Cultural e Design;DESIGN DE INTERIORES;1,150
Tecnologia;Produção Cultural e Design;DESIGN DE MODA;1,078
Tecnologia;Produção Cultural e Design;DESIGN DE PRODUTO;1,078
Tecnologia;Produção Cultural e Design;DESIGN GRÁFICO;1,078
Tecnologia;Produção Cultural e Design;FOTOGRAFIA;1,150
Tecnologia;Produção Cultural e Design;PRODUÇÃO AUDIOVISUAL;1,150
Tecnologia;Produção Cultural e Design;PRODUÇÃO CÊNICA;1,150
Tecnologia;Produção Cultural e Design;PRODUÇÃO CULTURAL;1,150
Tecnologia;Produção Cultural e Design;PRODUÇÃO FONOGRÁFICA;1,150
Tecnologia;Produção Cultural e Design;PRODUÇÃO MULTIMÍDIA;1,101
Tecnologia;Produção Cultural e Design;PRODUÇÃO PUBLICITÁRIA;1,000
Tecnologia;Produção Industrial;BIOCOMBUSTÍVEIS;1,000
Tecnologia;Produção Industrial;BIOTECNOLOGIA;1,230
Tecnologia;Produção Industrial;CONSTRUÇÃO NAVAL;1,230
Tecnologia;Produção Industrial;FABRICAÇÃO MECÂNICA;1,000
Tecnologia;Produção Industrial;PAPEL E CELULOSE;1,230
Tecnologia;Produção Industrial;PETRÓLEO E GÁS;1,230
Tecnologia;Produção Industrial;POLÍMEROS;1,230
Tecnologia;Produção Industrial;PROCESSOS QUÍMICOS;1,000
Tecnologia;Produção Industrial;PRODUÇÃO DE VESTUÁRIO;1,230
Tecnologia;Produção Industrial;PRODUÇÃO GRÁFICA;1,230
Tecnologia;Produção Industrial;PRODUÇÃO JOALHEIRA;1,230
Tecnologia;Produção Industrial;PRODUÇÃO MOVELEIRA;1,230
Tecnologia;Produção Industrial;PRODUÇÃO SUCROALCOOLEIRA;1,230
Tecnologia;Produção Industrial;PRODUÇÃO TÊXTIL;1,230
Tecnologia;Recursos Naturais;AGROECOLOGIA;1,003
Tecnologia;Recursos Naturais;AGRONEGÓCIO;1,020
Tecnologia;Recursos Naturais;AQUICULTURA;1,000
Tecnologia;Recursos Naturais;CAFEICULTURA;1,000
Tecnologia;Recursos Naturais;HORTICULTURA;1,000
Tecnologia;Recursos Naturais;IRRIGAÇÃO E DRENAGEM;1,200
Tecnologia;Recursos Naturais;MINERAÇÃO;1,000
Tecnologia;Recursos Naturais;PRODUÇÃO DE GRÃOS;1,030
Tecnologia;Recursos Naturais;PRODUÇÃO PESQUEIRA;1,200
Tecnologia;Recursos Naturais;PRODUÇÃO SUCRO ALCOOLEIRA;1,200
Tecnologia;Recursos Naturais;ROCHAS ORNAMENTAIS;1,200
Tecnologia;Recursos Naturais;SILVICULTURA;1,200
Tecnologia;Segurança;GESTÃO DE SEGURANÇA PRIVADA;1,110
Tecnologia;Segurança;SEGURANÇA NO TRABALHO;1,049
Tecnologia;Segurança;SEGURANÇA NO TRÂNSITO;1,110
Tecnologia;Segurança;SEGURANÇA PÚBLICA;1,000
Tecnologia;Segurança;SERVIÇOS PENAIS;1,110
Tecnologia;Turismo, Hospitalidade e Lazer;EVENTOS;1,000
Tecnologia;Turismo, Hospitalidade e Lazer;GASTRONOMIA;1,000
Tecnologia;Turismo, Hospitalidade e Lazer;GESTÃO DE TURISMO;1,024
Tecnologia;Turismo, Hospitalidade e Lazer;GESTÃO DESPORTIVA E DE LAZER;1,000
Tecnologia;Turismo, Hospitalidade e Lazer;HOTELARIA;1,028
Licenciatura;Desenvolvimento Educacional e Social;ARTES CÊNICAS;1,100
Licenciatura;Desenvolvimento Educacional e Social;ARTES VISUAIS;1,239
Licenciatura;Desenvolvimento Educacional e Social;CIÊNCIAS AGRÁRIAS;1,115
Licenciatura;Desenvolvimento Educacional e Social;CIÊNCIAS BIOLÓGICAS;1,052
Licenciatura;Desenvolvimento Educacional e Social;CIÊNCIAS DA NATUREZA;1,000
Licenciatura;Desenvolvimento Educacional e Social;CIÊNCIAS SOCIAIS;1,127
Licenciatura;Desenvolvimento Educacional e Social;COMPUTAÇÃO;1,000
Licenciatura;Desenvolvimento Educacional e Social;DANÇA;1,137
Licenciatura;Desenvolvimento Educacional e Social;EDUCAÇÃO DO CAMPO;1,000
Licenciatura;Desenvolvimento Educacional e Social;EDUCAÇÃO FÍSICA;1,038
Licenciatura;Desenvolvimento Educacional e Social;FILOSOFIA;1,000
Licenciatura;Desenvolvimento Educacional e Social;FÍSICA;1,039
Licenciatura;Desenvolvimento Educacional e Social;GEOGRAFIA;1,029
Licenciatura;Desenvolvimento Educacional e Social;HISTÓRIA;1,000
Licenciatura;Desenvolvimento Educacional e Social;INFORMÁTICA;1,000
Licenciatura;Desenvolvimento Educacional e Social;INTERCULTURAL INDÍGENA;1,000
Licenciatura;Desenvolvimento Educacional e Social;LETRAS;1,024
Licenciatura;Desenvolvimento Educacional e Social;LETRAS - LÍNGUA ESTRANGEIRA;1,024
Licenciatura;Desenvolvimento Educacional e Social;LETRAS - LÍNGUA PORTUGUESA;1,024
Licenciatura;Desenvolvimento Educacional e Social;LIBRAS - LICENCIATURA -;1,000
Licenciatura;Desenvolvimento Educacional e Social;LICENCIATURA PARA A EDUCAÇÃO PROFISSIONAL, CIENTÍFICA E TECNOLÓGICA;1,175
Licenciatura;Desenvolvimento Educacional e Social;MATEMÁTICA;1,013
Licenciatura;Desenvolvimento Educacional e Social;MÚSICA;1,107
Licenciatura;Desenvolvimento Educacional e Social;PEDAGOGIA;1,064
Licenciatura;Desenvolvimento Educacional e Social;PROGRAMA ESPECIAL DE FORMAÇÃO PEDAGÓGICA DE DOCENTES;1,120
Licenciatura;Desenvolvimento Educacional e Social;QUÍMICA;1,077
Licenciatura;Desenvolvimento Educacional e Social;TEATRO;1,079
Bacharelado;Ambiente e Saúde;BIOMEDICINA;1,200
Bacharelado;Ambiente e Saúde;EDUCAÇÃO FÍSICA;1,249
Bacharelado;Ambiente e Saúde;ENFERMAGEM;1,500
Bacharelado;Ambiente e Saúde;ENGENHARIA AMBIENTAL;1,025
Bacharelado;Ambiente e Saúde;FARMÁCIA;1,150
Bacharelado;Ambiente e Saúde;FISIOTERAPIA;1,200
Bacharelado;Ambiente e Saúde;FONOAUDIOLOGIA;1,200
Bacharelado;Ambiente e Saúde;GESTÃO AMBIENTAL;1,100
Bacharelado;Ambiente e Saúde;MEDICINA;1,300
Bacharelado;Ambiente e Saúde;METEOROLOGIA;1,200
Bacharelado;Ambiente e Saúde;NUTRIÇÃO;1,251
Bacharelado;Ambiente e Saúde;ODONTOLOGIA;1,300
Bacharelado;Ambiente e Saúde;PSICOLOGIA;1,000
Bacharelado;Ambiente e Saúde;TERAPIA OCUPACIONAL;1,000
Bacharelado;Controle e Processos Industriais;CIÊNCIAS AERONÁUTICAS;1,230
Bacharelado;Controle e Processos Industriais;ENGENHARIA AERONÁUTICA;1,230
Bacharelado;Controle e Processos Industriais;ENGENHARIA DE AUTOMAÇÃO INDUSTRIAL;1,160
Bacharelado;Controle e Processos Industriais;ENGENHARIA DE CONTROLE E AUTOMAÇÃO;1,289
Bacharelado;Controle e Processos Industriais;ENGENHARIA DE MATERIAIS;1,137
Bacharelado;Controle e Processos Industriais;ENGENHARIA DE PRODUÇÃO;1,028
Bacharelado;Controle e Processos Industriais;ENGENHARIA ELÉTRICA;1,108
Bacharelado;Controle e Processos Industriais;ENGENHARIA ELETRÔNICA;1,108
Bacharelado;Controle e Processos Industriais;ENGENHARIA MECÂNICA;1,078
Bacharelado;Controle e Processos Industriais;ENGENHARIA MECATRÔNICA;1,178
Bacharelado;Controle e Processos Industriais;ENGENHARIA METALÚRGICA;1,033
Bacharelado;Desenvolvimento Educacional e Social;ARQUEOLOGIA;1,100
Bacharelado;Desenvolvimento Educacional e Social;ARQUIVOLOGIA;1,000
Bacharelado;Desenvolvimento Educacional e Social;ARTES VISUAIS;1,100
Bacharelado;Desenvolvimento Educacional e Social;BIBLIOTECONOMIA;1,000
Bacharelado;Desenvolvimento Educacional e Social;CIÊNCIAS SOCIAIS;1,000
Bacharelado;Desenvolvimento Educacional e Social;DANÇA;1,200
Bacharelado;Desenvolvimento Educacional e Social;ESTATÍSTICA;1,000
Bacharelado;Desenvolvimento Educacional e Social;FILOSOFIA;1,000
Bacharelado;Desenvolvimento Educacional e Social;FÍSICA;1,034
Bacharelado;Desenvolvimento Educacional e Social;GEOGRAFIA;1,100
Bacharelado;Desenvolvimento Educacional e Social;HISTÓRIA;1,000
Bacharelado;Desenvolvimento Educacional e Social;LETRAS;1,000
Bacharelado;Desenvolvimento Educacional e Social;LETRAS - LÍNGUA ESTRANGEIRA;1,000
Bacharelado;Desenvolvimento Educacional e Social;LETRAS - LÍNGUA PORTUGUESA;1,000
Bacharelado;Desenvolvimento Educacional e Social;MATEMÁTICA;1,000
Bacharelado;Desenvolvimento Educacional e Social;MUSEOLOGIA;1,000
Bacharelado;Desenvolvimento Educacional e Social;MÚSICA;1,100
Bacharelado;Desenvolvimento Educacional e Social;RELAÇÕES PÚBLICAS;1,000
Bacharelado;Desenvolvimento Educacional e Social;SERVIÇO SOCIAL;1,500
Bacharelado;Desenvolvimento Educacional e Social;TEATRO;1,100
Bacharelado;Desenvolvimento Educacional e Social;TEOLOGIA;1,000
Bacharelado;Gestão e Negócios;ADMINISTRAÇÃO;1,001
Bacharelado;Gestão e Negócios;CIÊNCIAS ATUARIAIS;1,000
Bacharelado;Gestão e Negócios;CIÊNCIAS CONTÁBEIS;1,000
Bacharelado;Gestão e Negócios;CIÊNCIAS ECONÔMICAS;1,000
Bacharelado;Gestão e Negócios;DIREITO;1,187
Bacharelado;Gestão e Negócios;LÍNGUAS ESTRANGEIRAS APLICADAS A NEGOCIAÇÕES INTERNACIONAIS;1,111
Bacharelado;Gestão e Negócios;RELAÇÕES INTERNACIONAIS;1,000
Bacharelado;Gestão e Negócios;SECRETARIADO EXECUTIVO;1,000
Bacharelado;Informação e Comunicação;CIÊNCIA DA COMPUTAÇÃO;1,081
Bacharelado;Informação e Comunicação;ENGENHARIA DE COMPUTAÇÃO;1,237
Bacharelado;Informação e Comunicação;ENGENHARIA DE SOFTWARE;1,000
Bacharelado;Informação e Comunicação;ENGENHARIA DE TELECOMUNICAÇÕES;1,187
Bacharelado;Informação e Comunicação;INFORMÁTICA;1,100
Bacharelado;Informação e Comunicação;JORNALISMO;1,000
Bacharelado;Informação e Comunicação;RADIO, TV E INTERNET;1,100
Bacharelado;Informação e Comunicação;SISTEMAS DE INFORMAÇÃO;1,008
Bacharelado;Infraestrutura;ARQUITETURA E URBANISMO;1,071
Bacharelado;Infraestrutura;ENGENHARIA CIVIL;1,085
Bacharelado;Infraestrutura;ENGENHARIA DE AGRIMENSURA E CARTOGRÁFICA;1,117
Bacharelado;Infraestrutura;ENGENHARIA DE PRODUÇÃO CIVIL;1,085
Bacharelado;Infraestrutura;ENGENHARIA DE TRANSPORTES;1,211
Bacharelado;Produção Alimentícia;CIÊNCIA E TECNOLOGIA DE ALIMENTOS;1,076
Bacharelado;Produção Alimentícia;ENGENHARIA DE ALIMENTOS;1,013
Bacharelado;Produção Cultural e Design;CINEMA E AUDIOVISUAL;1,269
Bacharelado;Produção Cultural e Design;DESIGN;1,500
Bacharelado;Produção Cultural e Design;PRODUÇÃO CULTURAL;1,000
Bacharelado;Produção Cultural e Design;PUBLICIDADE E PROPAGANDA;1,100
Bacharelado;Produção Industrial;BIOTECNOLOGIA;1,000
Bacharelado;Produção Industrial;ENGENHARIA DE BIOPROCESSOS;1,230
Bacharelado;Produção Industrial;ENGENHARIA DE PETRÓLEO;1,230
Bacharelado;Produção Industrial;ENGENHARIA NAVAL;1,230
Bacharelado;Produção Industrial;ENGENHARIA QUÍMICA;1,111
Bacharelado;Produção Industrial;ENGENHARIA TÊXTIL;1,230
Bacharelado;Produção Industrial;QUÍMICA;1,318
Bacharelado;Recursos Naturais;AGROECOLOGIA;1,022
Bacharelado;Recursos Naturais;AGRONOMIA;1,061
Bacharelado;Recursos Naturais;CIÊNCIAS BIOLÓGICAS;1,026
Bacharelado;Recursos Naturais;ENGENHARIA AGRÍCOLA;1,000
Bacharelado;Recursos Naturais;ENGENHARIA AGRONÔMICA;1,052
Bacharelado;Recursos Naturais;ENGENHARIA DE AQUICULTURA;1,000
Bacharelado;Recursos Naturais;ENGENHARIA DE ENERGIAS RENOVÁVEIS;1,137
Bacharelado;Recursos Naturais;ENGENHARIA DE MINAS;1,137
Bacharelado;Recursos Naturais;ENGENHARIA DE PESCA;1,000
Bacharelado;Recursos Naturais;ENGENHARIA FLORESTAL;1,035
Bacharelado;Recursos Naturais;GEOLOGIA;1,037
Bacharelado;Recursos Naturais;MEDICINA VETERINÁRIA;1,037
Bacharelado;Recursos Naturais;ZOOTECNIA;1,045
Bacharelado;Turismo, Hospitalidade e Lazer;TURISMO;1,069
Aperfeiçoamento Tecnológico;TODOS;TODOS;1,000
Especialização (Lato Sensu/Profissional Tecnológica);TODOS;TODOS;1,000
Mestrado (Acadêmico/Profissional);TODOS;TODOS;1,000
Doutorado (Acadêmico/Profissional);TODOS;TODOS;1,000